"dsmodel","n","nopt","p","q","optimizer","objective","elapsed","neval"
"Alfalfa:1+A*B+(1|G)",72,1,12,"6","LN_BOBYQA",-10.810228068596373,0.000596573,17
"Alfalfa:1+A*B+(1|G)",72,1,12,"6","LN_COBYLA",-10.810228067051703,0.000624945,25
"Alfalfa:1+A*B+(1|G)",72,1,12,"6","LN_NELDERMEAD",-10.810228012909828,0.000584173,26
"Alfalfa:1+A*B+(1|G)",72,1,12,"6","LN_SBPLX",-10.810228065843859,0.000699127,50
"Alfalfa:1+A*B+(1|G)",72,1,12,"6","bobyqa",-10.810228068599198,0.039,15
"Alfalfa:1+A*B+(1|G)",72,1,12,"6","Nelder_Mead",-10.810228068434604,0.021,36
"Alfalfa:1+A*B+(1|G)",72,1,12,"6","NLOPT_LN_BOBYQA",-10.810228068558207,0.021,13
"Alfalfa:1+A*B+(1|G)",72,1,12,"6","NLOPT_LN_COBYLA",-10.81022806535367,0.02,22
"Alfalfa:1+A*B+(1|G)",72,1,12,"6","NLOPT_LN_NELDERMEAD",-10.81022797291833,0.02,24
"Alfalfa:1+A*B+(1|G)",72,1,12,"6","NLOPT_LN_SBPLX",-10.81022797291833,0.021,36
"Alfalfa:1+A*B+(1|G)",72,1,12,"6","optimx:L-BFGS-B",-10.810228068595084,0.109,14
"Alfalfa:1+A*B+(1|G)",72,1,12,"6","optimx:nlminb",-10.810228068599162,0.105,19
"Alfalfa:1+A*B+(1|G)",72,1,12,"6","optimx:spg",-10.810228068597102,0.192,NA
"Alfalfa:1+A*B+(1|G)",72,1,12,"6","optimx:bobyqa",-10.810228068599198,0.106,NA
"Animal:1+(1|G)+(1|H)",20,2,1,"10:5","LN_BOBYQA",6.478085681326624,0.000518281,15
"Animal:1+(1|G)+(1|H)",20,2,1,"10:5","LN_COBYLA",6.478085672206188,0.000624826,49
"Animal:1+(1|G)+(1|H)",20,2,1,"10:5","LN_NELDERMEAD",6.4780856758571375,0.000662706,59
"Animal:1+(1|G)+(1|H)",20,2,1,"10:5","LN_SBPLX",6.478085672788708,0.000868405,94
"Animal:1+(1|G)+(1|H)",20,2,1,"10:5","bobyqa",6.47808567202431,0.021,22
"Animal:1+(1|G)+(1|H)",20,2,1,"10:5","Nelder_Mead",6.478085672072549,0.026,66
"Animal:1+(1|G)+(1|H)",20,2,1,"10:5","NLOPT_LN_BOBYQA",6.4780856813272205,0.023,15
"Animal:1+(1|G)+(1|H)",20,2,1,"10:5","NLOPT_LN_COBYLA",6.47808567460328,0.024,44
"Animal:1+(1|G)+(1|H)",20,2,1,"10:5","NLOPT_LN_NELDERMEAD",6.478085843334815,0.023,47
"Animal:1+(1|G)+(1|H)",20,2,1,"10:5","NLOPT_LN_SBPLX",6.478085721910146,0.025,68
"Animal:1+(1|G)+(1|H)",20,2,1,"10:5","optimx:L-BFGS-B",6.478085672024353,0.109,12
"Animal:1+(1|G)+(1|H)",20,2,1,"10:5","optimx:nlminb",6.4780856720243385,0.109,33
"Animal:1+(1|G)+(1|H)",20,2,1,"10:5","optimx:spg",6.478085672024436,0.193,NA
"Animal:1+(1|G)+(1|H)",20,2,1,"10:5","optimx:bobyqa",6.47808567202431,0.109,NA
"Assay:1+A+B*C+(1|G)+(1|H)",60,2,31,"12:10","LN_BOBYQA",-240.38908023258907,0.001576767,31
"Assay:1+A+B*C+(1|G)+(1|H)",60,2,31,"12:10","LN_COBYLA",-240.3890802321415,0.002168727,53
"Assay:1+A+B*C+(1|G)+(1|H)",60,2,31,"12:10","LN_NELDERMEAD",-240.32966269971786,0.002182139,54
"Assay:1+A+B*C+(1|G)+(1|H)",60,2,31,"12:10","LN_SBPLX",-240.38908023154625,0.00341024,98
"Assay:1+A+B*C+(1|G)+(1|H)",60,2,31,"12:10","bobyqa",-240.3890802326394,0.029,51
"Assay:1+A+B*C+(1|G)+(1|H)",60,2,31,"12:10","Nelder_Mead",-240.38908023258003,0.051,83
"Assay:1+A+B*C+(1|G)+(1|H)",60,2,31,"12:10","NLOPT_LN_BOBYQA",-240.38907230830253,0.027,27
"Assay:1+A+B*C+(1|G)+(1|H)",60,2,31,"12:10","NLOPT_LN_COBYLA",-240.38907740212164,0.029,43
"Assay:1+A+B*C+(1|G)+(1|H)",60,2,31,"12:10","NLOPT_LN_NELDERMEAD",-240.3296626819141,0.036,34
"Assay:1+A+B*C+(1|G)+(1|H)",60,2,31,"12:10","NLOPT_LN_SBPLX",-240.38908010812935,0.033,82
"Assay:1+A+B*C+(1|G)+(1|H)",60,2,31,"12:10","optimx:L-BFGS-B",-240.3890802323012,0.126,48
"Assay:1+A+B*C+(1|G)+(1|H)",60,2,31,"12:10","optimx:nlminb",-240.38908023263838,0.12,61
"Assay:1+A+B*C+(1|G)+(1|H)",60,2,31,"12:10","optimx:spg",-240.3296627024796,0.204,NA
"Assay:1+A+B*C+(1|G)+(1|H)",60,2,31,"12:10","optimx:bobyqa",-240.3890802326394,0.121,NA
"AvgDailyGain:1+A*U+(1|G)",32,1,8,"8","LN_BOBYQA",9.970955873863744,0.000571291,28
"AvgDailyGain:1+A*U+(1|G)",32,1,8,"8","LN_COBYLA",9.970955874146743,0.000515179,26
"AvgDailyGain:1+A*U+(1|G)",32,1,8,"8","LN_NELDERMEAD",9.970955874851644,0.000549185,30
"AvgDailyGain:1+A*U+(1|G)",32,1,8,"8","LN_SBPLX",9.970955874851644,0.00065343,45
"AvgDailyGain:1+A*U+(1|G)",32,1,8,"8","bobyqa",9.970955873864675,0.017,20
"AvgDailyGain:1+A*U+(1|G)",32,1,8,"8","Nelder_Mead",9.970955873868046,0.021,44
"AvgDailyGain:1+A*U+(1|G)",32,1,8,"8","NLOPT_LN_BOBYQA",9.97095587386735,0.018,10
"AvgDailyGain:1+A*U+(1|G)",32,1,8,"8","NLOPT_LN_COBYLA",9.970955873938685,0.019,24
"AvgDailyGain:1+A*U+(1|G)",32,1,8,"8","NLOPT_LN_NELDERMEAD",9.97095598038161,0.019,24
"AvgDailyGain:1+A*U+(1|G)",32,1,8,"8","NLOPT_LN_SBPLX",9.970955980381614,0.02,30
"AvgDailyGain:1+A*U+(1|G)",32,1,8,"8","optimx:L-BFGS-B",9.970955873864781,0.104,14
"AvgDailyGain:1+A*U+(1|G)",32,1,8,"8","optimx:nlminb",9.970955873865854,0.105,15
"AvgDailyGain:1+A*U+(1|G)",32,1,8,"8","optimx:spg",9.970955873864696,0.189,NA
"AvgDailyGain:1+A*U+(1|G)",32,1,8,"8","optimx:bobyqa",9.970955873864675,0.105,NA
"AvgDailyGain:1+A+U+(1|G)",32,1,5,"8","LN_BOBYQA",13.617215626584052,0.000439551,17
"AvgDailyGain:1+A+U+(1|G)",32,1,5,"8","LN_COBYLA",13.61721562666418,0.000473891,26
"AvgDailyGain:1+A+U+(1|G)",32,1,5,"8","LN_NELDERMEAD",13.617215628366921,0.000467923,32
"AvgDailyGain:1+A+U+(1|G)",32,1,5,"8","LN_SBPLX",13.61721562666418,0.00054731,52
"AvgDailyGain:1+A+U+(1|G)",32,1,5,"8","bobyqa",13.617215626585473,0.016,17
"AvgDailyGain:1+A+U+(1|G)",32,1,5,"8","Nelder_Mead",13.617215626594685,0.02,40
"AvgDailyGain:1+A+U+(1|G)",32,1,5,"8","NLOPT_LN_BOBYQA",13.617215626585477,0.019,15
"AvgDailyGain:1+A+U+(1|G)",32,1,5,"8","NLOPT_LN_COBYLA",13.617215627314703,0.019,23
"AvgDailyGain:1+A+U+(1|G)",32,1,5,"8","NLOPT_LN_NELDERMEAD",13.617216445392518,0.019,22
"AvgDailyGain:1+A+U+(1|G)",32,1,5,"8","NLOPT_LN_SBPLX",13.617215627314707,0.02,30
"AvgDailyGain:1+A+U+(1|G)",32,1,5,"8","optimx:L-BFGS-B",13.617215626585626,0.103,16
"AvgDailyGain:1+A+U+(1|G)",32,1,5,"8","optimx:nlminb",13.617215626586951,0.118,17
"AvgDailyGain:1+A+U+(1|G)",32,1,5,"8","optimx:spg",13.617215626585459,0.188,NA
"AvgDailyGain:1+A+U+(1|G)",32,1,5,"8","optimx:bobyqa",13.617215626585473,0.104,NA
"BIB:1+A*U+(1|G)",24,1,8,"8","LN_BOBYQA",92.99146412318385,0.000591065,32
"BIB:1+A*U+(1|G)",24,1,8,"8","LN_COBYLA",92.99146412446538,0.000541229,27
"BIB:1+A*U+(1|G)",24,1,8,"8","LN_NELDERMEAD",92.99146413915494,0.000543944,30
"BIB:1+A*U+(1|G)",24,1,8,"8","LN_SBPLX",92.99146413915494,0.000601952,42
"BIB:1+A*U+(1|G)",24,1,8,"8","bobyqa",92.9914641231901,0.017,27
"BIB:1+A*U+(1|G)",24,1,8,"8","Nelder_Mead",92.99146412319124,0.022,52
"BIB:1+A*U+(1|G)",24,1,8,"8","NLOPT_LN_BOBYQA",92.99146420592174,0.019,17
"BIB:1+A*U+(1|G)",24,1,8,"8","NLOPT_LN_COBYLA",92.99146412320445,0.019,22
"BIB:1+A*U+(1|G)",24,1,8,"8","NLOPT_LN_NELDERMEAD",92.9914642289337,0.02,24
"BIB:1+A*U+(1|G)",24,1,8,"8","NLOPT_LN_SBPLX",92.99146412320445,0.02,36
"BIB:1+A*U+(1|G)",24,1,8,"8","optimx:L-BFGS-B",92.99146412319013,0.104,20
"BIB:1+A*U+(1|G)",24,1,8,"8","optimx:nlminb",92.99146412319007,0.103,22
"BIB:1+A*U+(1|G)",24,1,8,"8","optimx:spg",92.99146412319017,0.189,NA
"BIB:1+A*U+(1|G)",24,1,8,"8","optimx:bobyqa",92.9914641231901,0.105,NA
"Bond:1+A+(1|G)",21,1,3,"7","LN_BOBYQA",115.70738588549612,0.000392641,18
"Bond:1+A+(1|G)",21,1,3,"7","LN_COBYLA",115.70738588674541,0.000410567,24
"Bond:1+A+(1|G)",21,1,3,"7","LN_NELDERMEAD",115.70738588720768,0.000425996,30
"Bond:1+A+(1|G)",21,1,3,"7","LN_SBPLX",115.70738588559442,0.000510892,50
"Bond:1+A+(1|G)",21,1,3,"7","bobyqa",115.7073858855003,0.016,16
"Bond:1+A+(1|G)",21,1,3,"7","Nelder_Mead",115.70738588550735,0.019,25
"Bond:1+A+(1|G)",21,1,3,"7","NLOPT_LN_BOBYQA",115.70738588550047,0.018,10
"Bond:1+A+(1|G)",21,1,3,"7","NLOPT_LN_COBYLA",115.70738596234956,0.019,20
"Bond:1+A+(1|G)",21,1,3,"7","NLOPT_LN_NELDERMEAD",115.70738596234956,0.019,24
"Bond:1+A+(1|G)",21,1,3,"7","NLOPT_LN_SBPLX",115.70738596234956,0.02,36
"Bond:1+A+(1|G)",21,1,3,"7","optimx:L-BFGS-B",115.70738588550086,0.103,10
"Bond:1+A+(1|G)",21,1,3,"7","optimx:nlminb",115.7073858855003,0.103,13
"Bond:1+A+(1|G)",21,1,3,"7","optimx:spg",115.70738588550121,0.188,NA
"Bond:1+A+(1|G)",21,1,3,"7","optimx:bobyqa",115.7073858855003,0.104,NA
"bs10:1+U+V+W+((1+U+V+W)|G)+((1+U+V+W)|H)",1104,20,4,"368:48","LN_BOBYQA",1030.9552972367592,0.676668242,336
"bs10:1+U+V+W+((1+U+V+W)|G)+((1+U+V+W)|H)",1104,20,4,"368:48","LN_COBYLA",1030.9552950503848,3.958595253,1981
"bs10:1+U+V+W+((1+U+V+W)|G)+((1+U+V+W)|H)",1104,20,4,"368:48","LN_SBPLX",1030.9552952496413,3.977225787,2031
"bs10:1+U+V+W+((1+U+V+W)|G)+((1+U+V+W)|H)",1104,20,4,"368:48","bobyqa",1049.1801748405583,9.2,3560
"bs10:1+U+V+W+((1+U+V+W)|G)+((1+U+V+W)|H)",1104,20,4,"368:48","NLOPT_LN_BOBYQA",1030.9553886992703,0.743,263
"bs10:1+U+V+W+((1+U+V+W)|G)+((1+U+V+W)|H)",1104,20,4,"368:48","NLOPT_LN_COBYLA",1030.955302953647,3.556,1365
"bs10:1+U+V+W+((1+U+V+W)|G)+((1+U+V+W)|H)",1104,20,4,"368:48","NLOPT_LN_SBPLX",1030.955322804627,3.843,1501
"bs10:1+U+V+W+((1+U+V+W)|G)+((1+U+V+W)|H)",1104,20,4,"368:48","optimx:L-BFGS-B",1030.955295190165,7.168,46
"bs10:1+U+V+W+((1+U+V+W)|G)+((1+U+V+W)|H)",1104,20,4,"368:48","optimx:nlminb",1030.9552950533887,9.879,1993
"bs10:1+U+V+W+((1+U+V+W)|G)+((1+U+V+W)|H)",1104,20,4,"368:48","optimx:spg",1030.955295050327,6.749,NA
"bs10:1+U+V+W+((1+U+V+W)|G)+((1+U+V+W)|H)",1104,20,4,"368:48","optimx:bobyqa",1049.1801748405583,14.009,NA
"bs10:1+U+V+W+(1|G)+((0+U)|G)+((0+V)|G)+((0+W)|G)+(1|H)+((0+U)|H)+((0+V)|H)+((0+W)|H)",1104,8,4,"92:92:92:92:12:12:12:12","LN_BOBYQA",1080.0806840680796,0.065736788,128
"bs10:1+U+V+W+(1|G)+((0+U)|G)+((0+V)|G)+((0+W)|G)+(1|H)+((0+U)|H)+((0+V)|H)+((0+W)|H)",1104,8,4,"92:92:92:92:12:12:12:12","LN_COBYLA",1080.0806840666094,0.763312555,1523
"bs10:1+U+V+W+(1|G)+((0+U)|G)+((0+V)|G)+((0+W)|G)+(1|H)+((0+U)|H)+((0+V)|H)+((0+W)|H)",1104,8,4,"92:92:92:92:12:12:12:12","LN_SBPLX",1080.0806840648029,0.163915094,342
"bs10:1+U+V+W+(1|G)+((0+U)|G)+((0+V)|G)+((0+W)|G)+(1|H)+((0+U)|H)+((0+V)|H)+((0+W)|H)",1104,8,4,"92:92:92:92:12:12:12:12","bobyqa",1080.080684064802,0.806,288
"bs10:1+U+V+W+(1|G)+((0+U)|G)+((0+V)|G)+((0+W)|G)+(1|H)+((0+U)|H)+((0+V)|H)+((0+W)|H)",1104,8,4,"92:92:92:92:12:12:12:12","NLOPT_LN_BOBYQA",1080.0806844057277,0.36,110
"bs10:1+U+V+W+(1|G)+((0+U)|G)+((0+V)|G)+((0+W)|G)+(1|H)+((0+U)|H)+((0+V)|H)+((0+W)|H)",1104,8,4,"92:92:92:92:12:12:12:12","NLOPT_LN_COBYLA",1080.0807171690258,1.863,708
"bs10:1+U+V+W+(1|G)+((0+U)|G)+((0+V)|G)+((0+W)|G)+(1|H)+((0+U)|H)+((0+V)|H)+((0+W)|H)",1104,8,4,"92:92:92:92:12:12:12:12","NLOPT_LN_SBPLX",1080.0806840660323,0.876,302
"bs10:1+U+V+W+(1|G)+((0+U)|G)+((0+V)|G)+((0+W)|G)+(1|H)+((0+U)|H)+((0+V)|H)+((0+W)|H)",1104,8,4,"92:92:92:92:12:12:12:12","optimx:L-BFGS-B",1080.0806840654682,2.342,62
"bs10:1+U+V+W+(1|G)+((0+U)|G)+((0+V)|G)+((0+W)|G)+(1|H)+((0+U)|H)+((0+V)|H)+((0+W)|H)",1104,8,4,"92:92:92:92:12:12:12:12","optimx:nlminb",1080.0806936532952,2.728,656
"bs10:1+U+V+W+(1|G)+((0+U)|G)+((0+V)|G)+((0+W)|G)+(1|H)+((0+U)|H)+((0+V)|H)+((0+W)|H)",1104,8,4,"92:92:92:92:12:12:12:12","optimx:spg",1080.080684064803,2.157,NA
"bs10:1+U+V+W+(1|G)+((0+U)|G)+((0+V)|G)+((0+W)|G)+(1|H)+((0+U)|H)+((0+V)|H)+((0+W)|H)",1104,8,4,"92:92:92:92:12:12:12:12","optimx:bobyqa",1080.080684064802,1.754,NA
"Chem97:1+(1|G)+(1|H)",31022,2,1,"2410:131","LN_BOBYQA",157869.92614932373,0.011816775,32
"Chem97:1+(1|G)+(1|H)",31022,2,1,"2410:131","LN_COBYLA",157869.9261493416,0.021810258,67
"Chem97:1+(1|G)+(1|H)",31022,2,1,"2410:131","LN_NELDERMEAD",157869.92614943403,0.025979589,85
"Chem97:1+(1|G)+(1|H)",31022,2,1,"2410:131","LN_SBPLX",157869.926149336,0.036380297,123
"Chem97:1+(1|G)+(1|H)",31022,2,1,"2410:131","bobyqa",157869.92614931962,0.354,32
"Chem97:1+(1|G)+(1|H)",31022,2,1,"2410:131","Nelder_Mead",157869.92614935208,0.603,87
"Chem97:1+(1|G)+(1|H)",31022,2,1,"2410:131","NLOPT_LN_BOBYQA",157869.92614932047,0.466,37
"Chem97:1+(1|G)+(1|H)",31022,2,1,"2410:131","NLOPT_LN_COBYLA",157869.92626120558,0.821,132
"Chem97:1+(1|G)+(1|H)",31022,2,1,"2410:131","NLOPT_LN_NELDERMEAD",157869.926149631,0.494,63
"Chem97:1+(1|G)+(1|H)",31022,2,1,"2410:131","NLOPT_LN_SBPLX",157869.9261493324,0.604,87
"Chem97:1+(1|G)+(1|H)",31022,2,1,"2410:131","optimx:L-BFGS-B",157869.92614934713,0.697,18
"Chem97:1+(1|G)+(1|H)",31022,2,1,"2410:131","optimx:nlminb",157869.92614937498,0.688,42
"Chem97:1+(1|G)+(1|H)",31022,2,1,"2410:131","optimx:spg",157869.92614932012,0.783,NA
"Chem97:1+(1|G)+(1|H)",31022,2,1,"2410:131","optimx:bobyqa",157869.92614931962,0.648,NA
"Chem97:1+U+(1|G)+(1|H)",31022,2,2,"2410:131","LN_BOBYQA",141685.5602141024,0.012795451,31
"Chem97:1+U+(1|G)+(1|H)",31022,2,2,"2410:131","LN_COBYLA",141685.56021410873,0.031046211,87
"Chem97:1+U+(1|G)+(1|H)",31022,2,2,"2410:131","LN_NELDERMEAD",141685.5602141773,0.031433146,91
"Chem97:1+U+(1|G)+(1|H)",31022,2,2,"2410:131","LN_SBPLX",141685.56021417698,0.037792142,111
"Chem97:1+U+(1|G)+(1|H)",31022,2,2,"2410:131","bobyqa",141685.5602141021,0.423,42
"Chem97:1+U+(1|G)+(1|H)",31022,2,2,"2410:131","Nelder_Mead",141685.56021414913,0.686,94
"Chem97:1+U+(1|G)+(1|H)",31022,2,2,"2410:131","NLOPT_LN_BOBYQA",141685.56021410364,0.384,35
"Chem97:1+U+(1|G)+(1|H)",31022,2,2,"2410:131","NLOPT_LN_COBYLA",141685.56077931824,1.114,176
"Chem97:1+U+(1|G)+(1|H)",31022,2,2,"2410:131","NLOPT_LN_NELDERMEAD",141685.56021461418,0.554,68
"Chem97:1+U+(1|G)+(1|H)",31022,2,2,"2410:131","NLOPT_LN_SBPLX",141685.56021433158,0.668,90
"Chem97:1+U+(1|G)+(1|H)",31022,2,2,"2410:131","optimx:L-BFGS-B",141685.56021413402,0.794,22
"Chem97:1+U+(1|G)+(1|H)",31022,2,2,"2410:131","optimx:nlminb",141685.5602141022,0.74,43
"Chem97:1+U+(1|G)+(1|H)",31022,2,2,"2410:131","optimx:spg",141685.56021410244,0.918,NA
"Chem97:1+U+(1|G)+(1|H)",31022,2,2,"2410:131","optimx:bobyqa",141685.5602141021,0.74,NA
"Cultivation:1+A*B+(1|G)",24,1,6,"4","LN_BOBYQA",73.32183555936034,0.000482953,13
"Cultivation:1+A*B+(1|G)",24,1,6,"4","LN_COBYLA",73.32183555975072,0.000491936,24
"Cultivation:1+A*B+(1|G)",24,1,6,"4","LN_NELDERMEAD",73.32183556430974,0.000522849,30
"Cultivation:1+A*B+(1|G)",24,1,6,"4","LN_SBPLX",73.32183555975072,0.000590492,50
"Cultivation:1+A*B+(1|G)",24,1,6,"4","bobyqa",73.32183555936021,0.017,23
"Cultivation:1+A*B+(1|G)",24,1,6,"4","Nelder_Mead",73.32183555938266,0.021,43
"Cultivation:1+A*B+(1|G)",24,1,6,"4","NLOPT_LN_BOBYQA",73.32183555936022,0.019,11
"Cultivation:1+A*B+(1|G)",24,1,6,"4","NLOPT_LN_COBYLA",73.32183556703185,0.02,19
"Cultivation:1+A*B+(1|G)",24,1,6,"4","NLOPT_LN_NELDERMEAD",73.32183556703183,0.02,24
"Cultivation:1+A*B+(1|G)",24,1,6,"4","NLOPT_LN_SBPLX",73.32183556703185,0.021,36
"Cultivation:1+A*B+(1|G)",24,1,6,"4","optimx:L-BFGS-B",73.32183555936139,0.107,18
"Cultivation:1+A*B+(1|G)",24,1,6,"4","optimx:nlminb",73.3218355593602,0.107,21
"Cultivation:1+A*B+(1|G)",24,1,6,"4","optimx:spg",73.32183555936037,0.194,NA
"Cultivation:1+A*B+(1|G)",24,1,6,"4","optimx:bobyqa",73.32183555936021,0.107,NA
"Demand:1+U+V+W+X+(1|G)+(1|H)",77,2,5,"11:7","LN_BOBYQA",-260.6283232493387,0.000861109,40
"Demand:1+U+V+W+X+(1|G)+(1|H)",77,2,5,"11:7","LN_COBYLA",-260.62832317781846,0.002862976,253
"Demand:1+U+V+W+X+(1|G)+(1|H)",77,2,5,"11:7","LN_NELDERMEAD",-257.4090478799182,0.000862784,44
"Demand:1+U+V+W+X+(1|G)+(1|H)",77,2,5,"11:7","LN_SBPLX",-260.6283232476047,0.001499109,112
"Demand:1+U+V+W+X+(1|G)+(1|H)",77,2,5,"11:7","bobyqa",-260.6283232485351,0.026,88
"Demand:1+U+V+W+X+(1|G)+(1|H)",77,2,5,"11:7","Nelder_Mead",-260.62832324852934,0.036,139
"Demand:1+U+V+W+X+(1|G)+(1|H)",77,2,5,"11:7","NLOPT_LN_BOBYQA",-260.6283232477673,0.025,29
"Demand:1+U+V+W+X+(1|G)+(1|H)",77,2,5,"11:7","NLOPT_LN_COBYLA",-260.6283229918972,0.026,36
"Demand:1+U+V+W+X+(1|G)+(1|H)",77,2,5,"11:7","NLOPT_LN_NELDERMEAD",-260.6283230548743,0.028,66
"Demand:1+U+V+W+X+(1|G)+(1|H)",77,2,5,"11:7","NLOPT_LN_SBPLX",-260.6283232389444,0.028,83
"Demand:1+U+V+W+X+(1|G)+(1|H)",77,2,5,"11:7","optimx:L-BFGS-B",-260.62832324853053,0.119,40
"Demand:1+U+V+W+X+(1|G)+(1|H)",77,2,5,"11:7","optimx:nlminb",-260.6283232483499,0.114,34
"Demand:1+U+V+W+X+(1|G)+(1|H)",77,2,5,"11:7","optimx:spg",-260.6283232470302,0.207,NA
"Demand:1+U+V+W+X+(1|G)+(1|H)",77,2,5,"11:7","optimx:bobyqa",-260.6283232485351,0.118,NA
"Dyestuff:1+(1|G)",30,1,1,"6","LN_BOBYQA",327.32705988113594,0.00035047,18
"Dyestuff:1+(1|G)",30,1,1,"6","LN_COBYLA",327.32705988279287,0.000376721,27
"Dyestuff:1+(1|G)",30,1,1,"6","LN_NELDERMEAD",327.327059902227,0.000362475,28
"Dyestuff:1+(1|G)",30,1,1,"6","LN_SBPLX",327.327059902227,0.000420738,43
"Dyestuff:1+(1|G)",30,1,1,"6","bobyqa",327.3270598811351,0.016,18
"Dyestuff:1+(1|G)",30,1,1,"6","Nelder_Mead",327.32705988116606,0.019,36
"Dyestuff:1+(1|G)",30,1,1,"6","NLOPT_LN_BOBYQA",327.3270598811366,0.018,18
"Dyestuff:1+(1|G)",30,1,1,"6","NLOPT_LN_COBYLA",327.32705988183795,0.018,22
"Dyestuff:1+(1|G)",30,1,1,"6","NLOPT_LN_NELDERMEAD",327.32706101376345,0.018,22
"Dyestuff:1+(1|G)",30,1,1,"6","NLOPT_LN_SBPLX",327.32706101376345,0.019,30
"Dyestuff:1+(1|G)",30,1,1,"6","optimx:L-BFGS-B",327.32705988113986,0.106,16
"Dyestuff:1+(1|G)",30,1,1,"6","optimx:nlminb",327.3270598811354,0.106,15
"Dyestuff:1+(1|G)",30,1,1,"6","optimx:spg",327.3270598811355,0.193,NA
"Dyestuff:1+(1|G)",30,1,1,"6","optimx:bobyqa",327.3270598811351,0.106,NA
"Dyestuff2:1+(1|G)",30,1,1,"6","LN_BOBYQA",162.87303665382575,0.000351645,20
"Dyestuff2:1+(1|G)",30,1,1,"6","LN_COBYLA",162.87303665382575,0.001340135,22
"Dyestuff2:1+(1|G)",30,1,1,"6","LN_NELDERMEAD",162.87303665382575,0.000293028,4
"Dyestuff2:1+(1|G)",30,1,1,"6","LN_SBPLX",162.87303665570963,0.000324617,12
"Dyestuff2:1+(1|G)",30,1,1,"6","bobyqa",162.87303665382575,0.016,14
"Dyestuff2:1+(1|G)",30,1,1,"6","Nelder_Mead",162.87303665382575,0.017,10
"Dyestuff2:1+(1|G)",30,1,1,"6","NLOPT_LN_BOBYQA",162.87303665382575,0.018,10
"Dyestuff2:1+(1|G)",30,1,1,"6","NLOPT_LN_COBYLA",162.87303665382575,0.019,9
"Dyestuff2:1+(1|G)",30,1,1,"6","NLOPT_LN_NELDERMEAD",162.87303665382575,0.018,4
"Dyestuff2:1+(1|G)",30,1,1,"6","NLOPT_LN_SBPLX",162.87303665382575,0.018,9
"Dyestuff2:1+(1|G)",30,1,1,"6","optimx:L-BFGS-B",162.87303665382575,0.105,4
"Dyestuff2:1+(1|G)",30,1,1,"6","optimx:nlminb",162.87303665382575,0.105,4
"Dyestuff2:1+(1|G)",30,1,1,"6","optimx:spg",162.87303665382575,0.192,NA
"Dyestuff2:1+(1|G)",30,1,1,"6","optimx:bobyqa",162.87303665382575,0.107,NA
"Exam:1+A+B+U+(1|G)",4059,1,5,"65","LN_BOBYQA",9325.4273050669,0.001155701,20
"Exam:1+A+B+U+(1|G)",4059,1,5,"65","LN_COBYLA",9325.42730506727,0.001211224,32
"Exam:1+A+B+U+(1|G)",4059,1,5,"65","LN_NELDERMEAD",9325.427305072133,0.001293448,38
"Exam:1+A+B+U+(1|G)",4059,1,5,"65","LN_SBPLX",9325.427305072133,0.001515314,59
"Exam:1+A+B+U+(1|G)",4059,1,5,"65","bobyqa",9325.427305066893,0.037,16
"Exam:1+A+B+U+(1|G)",4059,1,5,"65","Nelder_Mead",9325.427305067413,0.045,30
"Exam:1+A+B+U+(1|G)",4059,1,5,"65","NLOPT_LN_BOBYQA",9325.42730506741,0.039,17
"Exam:1+A+B+U+(1|G)",4059,1,5,"65","NLOPT_LN_COBYLA",9325.427305894524,0.041,20
"Exam:1+A+B+U+(1|G)",4059,1,5,"65","NLOPT_LN_NELDERMEAD",9325.427305070447,0.044,28
"Exam:1+A+B+U+(1|G)",4059,1,5,"65","NLOPT_LN_SBPLX",9325.427305070447,0.05,39
"Exam:1+A+B+U+(1|G)",4059,1,5,"65","optimx:L-BFGS-B",9325.427305070953,0.139,16
"Exam:1+A+B+U+(1|G)",4059,1,5,"65","optimx:nlminb",9325.427305066909,0.135,15
"Exam:1+A+B+U+(1|G)",4059,1,5,"65","optimx:spg",9325.427305066904,0.222,NA
"Exam:1+A+B+U+(1|G)",4059,1,5,"65","optimx:bobyqa",9325.427305066893,0.136,NA
"Gasoline:1+U+(1|G)",32,1,2,"10","LN_BOBYQA",170.6625195644217,0.000418105,21
"Gasoline:1+U+(1|G)",32,1,2,"10","LN_COBYLA",170.66251956637257,0.000411797,26
"Gasoline:1+U+(1|G)",32,1,2,"10","LN_NELDERMEAD",170.66251966191214,0.000428109,28
"Gasoline:1+U+(1|G)",32,1,2,"10","LN_SBPLX",170.662519569427,0.000506034,49
"Gasoline:1+U+(1|G)",32,1,2,"10","bobyqa",170.6625195644247,0.017,29
"Gasoline:1+U+(1|G)",32,1,2,"10","Nelder_Mead",170.66251956442494,0.021,54
"Gasoline:1+U+(1|G)",32,1,2,"10","NLOPT_LN_BOBYQA",170.6625195644396,0.019,26
"Gasoline:1+U+(1|G)",32,1,2,"10","NLOPT_LN_COBYLA",170.66251956491107,0.019,28
"Gasoline:1+U+(1|G)",32,1,2,"10","NLOPT_LN_NELDERMEAD",170.66251968254772,0.019,28
"Gasoline:1+U+(1|G)",32,1,2,"10","NLOPT_LN_SBPLX",170.6625196541547,0.02,39
"Gasoline:1+U+(1|G)",32,1,2,"10","optimx:L-BFGS-B",170.66251956442474,0.106,20
"Gasoline:1+U+(1|G)",32,1,2,"10","optimx:nlminb",170.66251956442477,0.106,21
"Gasoline:1+U+(1|G)",32,1,2,"10","optimx:spg",170.66251956442483,0.193,NA
"Gasoline:1+U+(1|G)",32,1,2,"10","optimx:bobyqa",170.6625195644247,0.107,NA
"gb12:1+S+T+U+V+W+X+Z+((1+S+U+W)|G)+((1+S+T+V)|H)",512,20,8,"128:64","LN_BOBYQA",7926.675432391416,0.332701729,438
"gb12:1+S+T+U+V+W+X+Z+((1+S+U+W)|G)+((1+S+T+V)|H)",512,20,8,"128:64","LN_COBYLA",7926.675429896777,8.165170579,11140
"gb12:1+S+T+U+V+W+X+Z+((1+S+U+W)|G)+((1+S+T+V)|H)",512,20,8,"128:64","LN_SBPLX",7927.497387083771,1.640513766,2376
"gb12:1+S+T+U+V+W+X+Z+((1+S+U+W)|G)+((1+S+T+V)|H)",512,20,8,"128:64","bobyqa",7926.748452163424,1.232,859
"gb12:1+S+T+U+V+W+X+Z+((1+S+U+W)|G)+((1+S+T+V)|H)",512,20,8,"128:64","NLOPT_LN_BOBYQA",7926.675448675855,0.564,405
"gb12:1+S+T+U+V+W+X+Z+((1+S+U+W)|G)+((1+S+T+V)|H)",512,20,8,"128:64","NLOPT_LN_COBYLA",7927.5709318935205,1.379,975
"gb12:1+S+T+U+V+W+X+Z+((1+S+U+W)|G)+((1+S+T+V)|H)",512,20,8,"128:64","NLOPT_LN_SBPLX",7927.497617429247,2.006,1547
"gb12:1+S+T+U+V+W+X+Z+((1+S+U+W)|G)+((1+S+T+V)|H)",512,20,8,"128:64","optimx:L-BFGS-B",7926.675442086696,4.255,62
"gb12:1+S+T+U+V+W+X+Z+((1+S+U+W)|G)+((1+S+T+V)|H)",512,20,8,"128:64","optimx:nlminb",7926.675430083887,8.454,4461
"gb12:1+S+T+U+V+W+X+Z+((1+S+U+W)|G)+((1+S+T+V)|H)",512,20,8,"128:64","optimx:spg",7926.675429901882,6.377,NA
"gb12:1+S+T+U+V+W+X+Z+((1+S+U+W)|G)+((1+S+T+V)|H)",512,20,8,"128:64","optimx:bobyqa",7926.748452163424,3.477,NA
"gb12:1+S+T+U+V+W+(1|G)+((0+S)|G)+((0+U)|G)+((0+W)|G)+(1|H)+((0+S)|H)+((0+T)|H)+((0+V)|H)",512,8,6,"32:32:32:32:16:16:16:16","LN_BOBYQA",7980.033438756537,0.061411003,190
"gb12:1+S+T+U+V+W+(1|G)+((0+S)|G)+((0+U)|G)+((0+W)|G)+(1|H)+((0+S)|H)+((0+T)|H)+((0+V)|H)",512,8,6,"32:32:32:32:16:16:16:16","LN_COBYLA",7980.033438584468,0.422983283,1415
"gb12:1+S+T+U+V+W+(1|G)+((0+S)|G)+((0+U)|G)+((0+W)|G)+(1|H)+((0+S)|H)+((0+T)|H)+((0+V)|H)",512,8,6,"32:32:32:32:16:16:16:16","LN_SBPLX",7980.033438582639,0.124598474,415
"gb12:1+S+T+U+V+W+(1|G)+((0+S)|G)+((0+U)|G)+((0+W)|G)+(1|H)+((0+S)|H)+((0+T)|H)+((0+V)|H)",512,8,6,"32:32:32:32:16:16:16:16","bobyqa",7980.0334385822625,0.4,271
"gb12:1+S+T+U+V+W+(1|G)+((0+S)|G)+((0+U)|G)+((0+W)|G)+(1|H)+((0+S)|H)+((0+T)|H)+((0+V)|H)",512,8,6,"32:32:32:32:16:16:16:16","NLOPT_LN_BOBYQA",7980.033507982398,0.234,145
"gb12:1+S+T+U+V+W+(1|G)+((0+S)|G)+((0+U)|G)+((0+W)|G)+(1|H)+((0+S)|H)+((0+T)|H)+((0+V)|H)",512,8,6,"32:32:32:32:16:16:16:16","NLOPT_LN_COBYLA",7980.033462529644,0.745,539
"gb12:1+S+T+U+V+W+(1|G)+((0+S)|G)+((0+U)|G)+((0+W)|G)+(1|H)+((0+S)|H)+((0+T)|H)+((0+V)|H)",512,8,6,"32:32:32:32:16:16:16:16","NLOPT_LN_SBPLX",7980.033442890084,0.418,280
"gb12:1+S+T+U+V+W+(1|G)+((0+S)|G)+((0+U)|G)+((0+W)|G)+(1|H)+((0+S)|H)+((0+T)|H)+((0+V)|H)",512,8,6,"32:32:32:32:16:16:16:16","optimx:L-BFGS-B",7980.033469143635,1.055,42
"gb12:1+S+T+U+V+W+(1|G)+((0+S)|G)+((0+U)|G)+((0+W)|G)+(1|H)+((0+S)|H)+((0+T)|H)+((0+V)|H)",512,8,6,"32:32:32:32:16:16:16:16","optimx:nlminb",7980.033438886043,1.668,793
"gb12:1+S+T+U+V+W+(1|G)+((0+S)|G)+((0+U)|G)+((0+W)|G)+(1|H)+((0+S)|H)+((0+T)|H)+((0+V)|H)",512,8,6,"32:32:32:32:16:16:16:16","optimx:spg",7980.033438582264,1.241,NA
"gb12:1+S+T+U+V+W+(1|G)+((0+S)|G)+((0+U)|G)+((0+W)|G)+(1|H)+((0+S)|H)+((0+T)|H)+((0+V)|H)",512,8,6,"32:32:32:32:16:16:16:16","optimx:bobyqa",7980.0334385822625,0.926,NA
"Genetics:1+A+(1|G)+(1|H)",60,2,5,"12:4","LN_BOBYQA",478.4052104154433,0.000645898,30
"Genetics:1+A+(1|G)+(1|H)",60,2,5,"12:4","LN_COBYLA",478.4052104154273,0.001020803,89
"Genetics:1+A+(1|G)+(1|H)",60,2,5,"12:4","LN_NELDERMEAD",478.40521042028854,0.000829265,67
"Genetics:1+A+(1|G)+(1|H)",60,2,5,"12:4","LN_SBPLX",478.4052104158561,0.001065515,100
"Genetics:1+A+(1|G)+(1|H)",60,2,5,"12:4","bobyqa",478.40521041513085,0.022,39
"Genetics:1+A+(1|G)+(1|H)",60,2,5,"12:4","Nelder_Mead",478.4052104151693,0.031,101
"Genetics:1+A+(1|G)+(1|H)",60,2,5,"12:4","NLOPT_LN_BOBYQA",478.4052104177472,0.024,29
"Genetics:1+A+(1|G)+(1|H)",60,2,5,"12:4","NLOPT_LN_COBYLA",478.4052104250625,0.025,55
"Genetics:1+A+(1|G)+(1|H)",60,2,5,"12:4","NLOPT_LN_NELDERMEAD",478.4052106749312,0.025,53
"Genetics:1+A+(1|G)+(1|H)",60,2,5,"12:4","NLOPT_LN_SBPLX",478.4052106051805,0.026,69
"Genetics:1+A+(1|G)+(1|H)",60,2,5,"12:4","optimx:L-BFGS-B",478.4052104162702,0.114,18
"Genetics:1+A+(1|G)+(1|H)",60,2,5,"12:4","optimx:nlminb",478.40521041513125,0.113,29
"Genetics:1+A+(1|G)+(1|H)",60,2,5,"12:4","optimx:spg",478.4052104151311,0.203,NA
"Genetics:1+A+(1|G)+(1|H)",60,2,5,"12:4","optimx:bobyqa",478.40521041513085,0.116,NA
"HR:1+A*U+V+((1+U)|G)",120,3,7,"48","LN_BOBYQA",787.7542476908357,0.002595765,47
"HR:1+A*U+V+((1+U)|G)",120,3,7,"48","LN_COBYLA",787.7542477768047,0.003111579,64
"HR:1+A*U+V+((1+U)|G)",120,3,7,"48","LN_NELDERMEAD",787.7542476985419,0.004816391,108
"HR:1+A*U+V+((1+U)|G)",120,3,7,"48","LN_SBPLX",787.7542477329288,0.006465244,151
"HR:1+A*U+V+((1+U)|G)",120,3,7,"48","bobyqa",787.7542476907901,0.024,92
"HR:1+A*U+V+((1+U)|G)",120,3,7,"48","Nelder_Mead",787.754247691218,0.035,146
"HR:1+A*U+V+((1+U)|G)",120,3,7,"48","NLOPT_LN_BOBYQA",787.754247696681,0.023,43
"HR:1+A*U+V+((1+U)|G)",120,3,7,"48","NLOPT_LN_COBYLA",787.7542477624006,0.025,63
"HR:1+A*U+V+((1+U)|G)",120,3,7,"48","NLOPT_LN_NELDERMEAD",787.7542478824806,0.027,88
"HR:1+A*U+V+((1+U)|G)",120,3,7,"48","NLOPT_LN_SBPLX",787.7542490247055,0.029,123
"HR:1+A*U+V+((1+U)|G)",120,3,7,"48","optimx:L-BFGS-B",787.754247691043,0.122,20
"HR:1+A*U+V+((1+U)|G)",120,3,7,"48","optimx:nlminb",787.7542476940635,0.135,62
"HR:1+A*U+V+((1+U)|G)",120,3,7,"48","optimx:spg",787.7542476907963,0.207,NA
"HR:1+A*U+V+((1+U)|G)",120,3,7,"48","optimx:bobyqa",787.7542476907901,0.121,NA
"Hsb82:1+A+B+C+U+(1|G)",7185,1,5,"160","LN_BOBYQA",46331.43240584545,0.001869231,14
"Hsb82:1+A+B+C+U+(1|G)",7185,1,5,"160","LN_COBYLA",46331.43240585934,0.002166288,27
"Hsb82:1+A+B+C+U+(1|G)",7185,1,5,"160","LN_NELDERMEAD",46331.43240585402,0.002365222,41
"Hsb82:1+A+B+C+U+(1|G)",7185,1,5,"160","LN_SBPLX",46331.43240584593,0.002947419,67
"Hsb82:1+A+B+C+U+(1|G)",7185,1,5,"160","bobyqa",46331.432405845415,0.063,19
"Hsb82:1+A+B+C+U+(1|G)",7185,1,5,"160","Nelder_Mead",46331.43240587049,0.078,36
"Hsb82:1+A+B+C+U+(1|G)",7185,1,5,"160","NLOPT_LN_BOBYQA",46331.43240584545,0.06,15
"Hsb82:1+A+B+C+U+(1|G)",7185,1,5,"160","NLOPT_LN_COBYLA",46331.43240724745,0.069,24
"Hsb82:1+A+B+C+U+(1|G)",7185,1,5,"160","NLOPT_LN_NELDERMEAD",46331.43240608286,0.075,32
"Hsb82:1+A+B+C+U+(1|G)",7185,1,5,"160","NLOPT_LN_SBPLX",46331.432405848835,0.089,48
"Hsb82:1+A+B+C+U+(1|G)",7185,1,5,"160","optimx:L-BFGS-B",46331.432405850835,0.168,16
"Hsb82:1+A+B+C+U+(1|G)",7185,1,5,"160","optimx:nlminb",46331.432405845444,0.165,20
"Hsb82:1+A+B+C+U+(1|G)",7185,1,5,"160","optimx:spg",46331.43240584542,0.253,NA
"Hsb82:1+A+B+C+U+(1|G)",7185,1,5,"160","optimx:bobyqa",46331.432405845415,0.166,NA
"IncBlk:1+A+U+V+W+Z+(1|G)",24,1,8,"12","LN_BOBYQA",-119.10816627064243,0.000523546,13
"IncBlk:1+A+U+V+W+Z+(1|G)",24,1,8,"12","LN_COBYLA",-119.10816627040485,0.000590333,27
"IncBlk:1+A+U+V+W+Z+(1|G)",24,1,8,"12","LN_NELDERMEAD",-119.10816626915889,0.000609192,33
"IncBlk:1+A+U+V+W+Z+(1|G)",24,1,8,"12","LN_SBPLX",-119.10816627058351,0.000706698,53
"IncBlk:1+A+U+V+W+Z+(1|G)",24,1,8,"12","bobyqa",-119.10816627064243,0.018,18
"IncBlk:1+A+U+V+W+Z+(1|G)",24,1,8,"12","Nelder_Mead",-119.10816627062894,0.022,41
"IncBlk:1+A+U+V+W+Z+(1|G)",24,1,8,"12","NLOPT_LN_BOBYQA",-119.10816627064239,0.02,14
"IncBlk:1+A+U+V+W+Z+(1|G)",24,1,8,"12","NLOPT_LN_COBYLA",-119.10816626122737,0.02,20
"IncBlk:1+A+U+V+W+Z+(1|G)",24,1,8,"12","NLOPT_LN_NELDERMEAD",-119.10816283975728,0.02,23
"IncBlk:1+A+U+V+W+Z+(1|G)",24,1,8,"12","NLOPT_LN_SBPLX",-119.10816283975728,0.021,32
"IncBlk:1+A+U+V+W+Z+(1|G)",24,1,8,"12","optimx:L-BFGS-B",-119.10816627064068,0.107,12
"IncBlk:1+A+U+V+W+Z+(1|G)",24,1,8,"12","optimx:nlminb",-119.1081662706424,0.107,16
"IncBlk:1+A+U+V+W+Z+(1|G)",24,1,8,"12","optimx:spg",-118.55090905848706,0.372,NA
"IncBlk:1+A+U+V+W+Z+(1|G)",24,1,8,"12","optimx:bobyqa",-119.10816627064243,0.108,NA
"InstEval:1+I*A+(1|G)+(1|H)",73421,2,28,"2972:1128","LN_BOBYQA",237585.55341516956,1.214463603,48
"InstEval:1+I*A+(1|G)+(1|H)",73421,2,28,"2972:1128","LN_COBYLA",237585.5534152189,1.75818926,71
"InstEval:1+I*A+(1|G)+(1|H)",73421,2,28,"2972:1128","LN_NELDERMEAD",237585.55341523976,2.162504828,89
"InstEval:1+I*A+(1|G)+(1|H)",73421,2,28,"2972:1128","LN_SBPLX",237585.55341517748,3.249965474,136
"InstEval:1+I*A+(1|G)+(1|H)",73421,2,28,"2972:1128","bobyqa",237585.5534151683,5.701,26
"InstEval:1+I*A+(1|G)+(1|H)",73421,2,28,"2972:1128","Nelder_Mead",237585.5534157871,12.785,77
"InstEval:1+I*A+(1|G)+(1|H)",73421,2,28,"2972:1128","NLOPT_LN_BOBYQA",237585.55341517008,6.239,31
"InstEval:1+I*A+(1|G)+(1|H)",73421,2,28,"2972:1128","NLOPT_LN_COBYLA",237585.55342274392,6.908,37
"InstEval:1+I*A+(1|G)+(1|H)",73421,2,28,"2972:1128","NLOPT_LN_NELDERMEAD",237585.55341563708,11.396,67
"InstEval:1+I*A+(1|G)+(1|H)",73421,2,28,"2972:1128","NLOPT_LN_SBPLX",237585.5534153352,18.341,114
"InstEval:1+I*A+(1|G)+(1|H)",73421,2,28,"2972:1128","optimx:L-BFGS-B",237585.55341549122,14.496,18
"InstEval:1+I*A+(1|G)+(1|H)",73421,2,28,"2972:1128","optimx:nlminb",237585.55341521156,14.375,43
"InstEval:1+I*A+(1|G)+(1|H)",73421,2,28,"2972:1128","optimx:spg",237585.55341516828,23.201,NA
"InstEval:1+I*A+(1|G)+(1|H)",73421,2,28,"2972:1128","optimx:bobyqa",237585.5534151683,11.977,NA
"InstEval:1+A+(1|G)+(1|H)+(1|I)",73421,3,2,"2972:1128:14","LN_BOBYQA",237721.76877451385,2.274995858,104
"InstEval:1+A+(1|G)+(1|H)+(1|I)",73421,3,2,"2972:1128:14","LN_COBYLA",237721.76877467352,33.962523804,1585
"InstEval:1+A+(1|G)+(1|H)+(1|I)",73421,3,2,"2972:1128:14","LN_NELDERMEAD",237721.76877459715,4.62194423,216
"InstEval:1+A+(1|G)+(1|H)+(1|I)",73421,3,2,"2972:1128:14","LN_SBPLX",237721.76877450282,4.155346443,194
"InstEval:1+A+(1|G)+(1|H)+(1|I)",73421,3,2,"2972:1128:14","bobyqa",237721.7687744952,8.634,63
"InstEval:1+A+(1|G)+(1|H)+(1|I)",73421,3,2,"2972:1128:14","Nelder_Mead",237721.7687747338,15.527,123
"InstEval:1+A+(1|G)+(1|H)+(1|I)",73421,3,2,"2972:1128:14","NLOPT_LN_BOBYQA",237721.76877588863,10.562,79
"InstEval:1+A+(1|G)+(1|H)+(1|I)",73421,3,2,"2972:1128:14","NLOPT_LN_COBYLA",237721.7704752773,23.358,186
"InstEval:1+A+(1|G)+(1|H)+(1|I)",73421,3,2,"2972:1128:14","NLOPT_LN_NELDERMEAD",237721.7687751024,15.138,116
"InstEval:1+A+(1|G)+(1|H)+(1|I)",73421,3,2,"2972:1128:14","NLOPT_LN_SBPLX",237721.76877449852,19.783,157
"InstEval:1+A+(1|G)+(1|H)+(1|I)",73421,3,2,"2972:1128:14","optimx:L-BFGS-B",237721.76878107266,22.036,26
"InstEval:1+A+(1|G)+(1|H)+(1|I)",73421,3,2,"2972:1128:14","optimx:nlminb",237721.76877682225,27.712,129
"InstEval:1+A+(1|G)+(1|H)+(1|I)",73421,3,2,"2972:1128:14","optimx:spg",237721.76877449692,25.027,NA
"InstEval:1+A+(1|G)+(1|H)+(1|I)",73421,3,2,"2972:1128:14","optimx:bobyqa",237721.7687744952,19.485,NA
"kb07:1+S+T+U+V+W+X+Z+((1+S+T+U+V+W+X+Z)|G)+((1+S+T+U+V+W+X+Z)|H)",1790,72,8,"448:256","LN_BOBYQA",28586.341621161664,16.045582265,1949
"kb07:1+S+T+U+V+W+X+Z+((1+S+T+U+V+W+X+Z)|G)+((1+S+T+U+V+W+X+Z)|H)",1790,72,8,"448:256","LN_COBYLA",28586.341338002185,1127.007904242,129098
"kb07:1+S+T+U+V+W+X+Z+((1+S+T+U+V+W+X+Z)|G)+((1+S+T+U+V+W+X+Z)|H)",1790,72,8,"448:256","LN_SBPLX",28591.281207077864,135.8195995,16903
"kb07:1+S+T+U+V+W+X+Z+((1+S+T+U+V+W+X+Z)|G)+((1+S+T+U+V+W+X+Z)|H)",1790,72,8,"448:256","bobyqa",28586.317613200714,318.717,15265
"kb07:1+S+T+U+V+W+X+Z+((1+S+T+U+V+W+X+Z)|G)+((1+S+T+U+V+W+X+Z)|H)",1790,72,8,"448:256","NLOPT_LN_BOBYQA",28586.348201713845,32.673,1535
"kb07:1+S+T+U+V+W+X+Z+((1+S+T+U+V+W+X+Z)|G)+((1+S+T+U+V+W+X+Z)|H)",1790,72,8,"448:256","NLOPT_LN_COBYLA",28586.320496452074,513.199,24585
"kb07:1+S+T+U+V+W+X+Z+((1+S+T+U+V+W+X+Z)|G)+((1+S+T+U+V+W+X+Z)|H)",1790,72,8,"448:256","NLOPT_LN_SBPLX",28591.281218322812,421.246,8851
"kb07:1+S+T+U+V+W+X+Z+((1+S+T+U+V+W+X+Z)|G)+((1+S+T+U+V+W+X+Z)|H)",1790,72,8,"448:256","optimx:L-BFGS-B",28586.317776241674,174.617,6
"kb07:1+S+T+U+V+W+X+Z+((1+S+T+U+V+W+X+Z)|G)+((1+S+T+U+V+W+X+Z)|H)",1790,72,8,"448:256","optimx:nlminb",28586.317992963635,431.309,20108
"kb07:1+S+T+U+V+W+X+Z+((1+S+T+U+V+W+X+Z)|G)+((1+S+T+U+V+W+X+Z)|H)",1790,72,8,"448:256","optimx:spg",28586.389583843116,130.093,NA
"kb07:1+S+T+U+V+W+X+Z+((1+S+T+U+V+W+X+Z)|G)+((1+S+T+U+V+W+X+Z)|H)",1790,72,8,"448:256","optimx:bobyqa",28586.317613200714,323.417,NA
"kb07:1+S+T+U+V+W+X+Z+(1|G)+((0+S)|G)+((0+T)|G)+((0+U)|G)+((0+V)|G)+((0+W)|G)+((0+X)|G)+((0+Z)|G)+(1|H)+((0+S)|H)+((0+T)|H)+((0+U)|H)+((0+V)|H)+((0+W)|H)+((0+X)|H)+((0+Z)|H)",1790,16,8,"56:56:56:56:56:56:56:56:32:32:32:32:32:32:32:32","LN_BOBYQA",28670.91332020997,1.590655745,308
"kb07:1+S+T+U+V+W+X+Z+(1|G)+((0+S)|G)+((0+T)|G)+((0+U)|G)+((0+V)|G)+((0+W)|G)+((0+X)|G)+((0+Z)|G)+(1|H)+((0+S)|H)+((0+T)|H)+((0+U)|H)+((0+V)|H)+((0+W)|H)+((0+X)|H)+((0+Z)|H)",1790,16,8,"56:56:56:56:56:56:56:56:32:32:32:32:32:32:32:32","LN_COBYLA",28670.913319615072,4.332667623,839
"kb07:1+S+T+U+V+W+X+Z+(1|G)+((0+S)|G)+((0+T)|G)+((0+U)|G)+((0+V)|G)+((0+W)|G)+((0+X)|G)+((0+Z)|G)+(1|H)+((0+S)|H)+((0+T)|H)+((0+U)|H)+((0+V)|H)+((0+W)|H)+((0+X)|H)+((0+Z)|H)",1790,16,8,"56:56:56:56:56:56:56:56:32:32:32:32:32:32:32:32","LN_SBPLX",28670.913319619634,4.443681957,888
"kb07:1+S+T+U+V+W+X+Z+(1|G)+((0+S)|G)+((0+T)|G)+((0+U)|G)+((0+V)|G)+((0+W)|G)+((0+X)|G)+((0+Z)|G)+(1|H)+((0+S)|H)+((0+T)|H)+((0+U)|H)+((0+V)|H)+((0+W)|H)+((0+X)|H)+((0+Z)|H)",1790,16,8,"56:56:56:56:56:56:56:56:32:32:32:32:32:32:32:32","bobyqa",28670.913319613646,9.945,461
"kb07:1+S+T+U+V+W+X+Z+(1|G)+((0+S)|G)+((0+T)|G)+((0+U)|G)+((0+V)|G)+((0+W)|G)+((0+X)|G)+((0+Z)|G)+(1|H)+((0+S)|H)+((0+T)|H)+((0+U)|H)+((0+V)|H)+((0+W)|H)+((0+X)|H)+((0+Z)|H)",1790,16,8,"56:56:56:56:56:56:56:56:32:32:32:32:32:32:32:32","NLOPT_LN_BOBYQA",28670.913353590087,5.721,257
"kb07:1+S+T+U+V+W+X+Z+(1|G)+((0+S)|G)+((0+T)|G)+((0+U)|G)+((0+V)|G)+((0+W)|G)+((0+X)|G)+((0+Z)|G)+(1|H)+((0+S)|H)+((0+T)|H)+((0+U)|H)+((0+V)|H)+((0+W)|H)+((0+X)|H)+((0+Z)|H)",1790,16,8,"56:56:56:56:56:56:56:56:32:32:32:32:32:32:32:32","NLOPT_LN_COBYLA",28670.913325734586,14.52,704
"kb07:1+S+T+U+V+W+X+Z+(1|G)+((0+S)|G)+((0+T)|G)+((0+U)|G)+((0+V)|G)+((0+W)|G)+((0+X)|G)+((0+Z)|G)+(1|H)+((0+S)|H)+((0+T)|H)+((0+U)|H)+((0+V)|H)+((0+W)|H)+((0+X)|H)+((0+Z)|H)",1790,16,8,"56:56:56:56:56:56:56:56:32:32:32:32:32:32:32:32","NLOPT_LN_SBPLX",28670.91331961964,18.348,888
"kb07:1+S+T+U+V+W+X+Z+(1|G)+((0+S)|G)+((0+T)|G)+((0+U)|G)+((0+V)|G)+((0+W)|G)+((0+X)|G)+((0+Z)|G)+(1|H)+((0+S)|H)+((0+T)|H)+((0+U)|H)+((0+V)|H)+((0+W)|H)+((0+X)|H)+((0+Z)|H)",1790,16,8,"56:56:56:56:56:56:56:56:32:32:32:32:32:32:32:32","optimx:L-BFGS-B",28670.91332041285,38.923,40
"kb07:1+S+T+U+V+W+X+Z+(1|G)+((0+S)|G)+((0+T)|G)+((0+U)|G)+((0+V)|G)+((0+W)|G)+((0+X)|G)+((0+Z)|G)+(1|H)+((0+S)|H)+((0+T)|H)+((0+U)|H)+((0+V)|H)+((0+W)|H)+((0+X)|H)+((0+Z)|H)",1790,16,8,"56:56:56:56:56:56:56:56:32:32:32:32:32:32:32:32","optimx:nlminb",28670.913319622345,41.279,751
"kb07:1+S+T+U+V+W+X+Z+(1|G)+((0+S)|G)+((0+T)|G)+((0+U)|G)+((0+V)|G)+((0+W)|G)+((0+X)|G)+((0+Z)|G)+(1|H)+((0+S)|H)+((0+T)|H)+((0+U)|H)+((0+V)|H)+((0+W)|H)+((0+X)|H)+((0+Z)|H)",1790,16,8,"56:56:56:56:56:56:56:56:32:32:32:32:32:32:32:32","optimx:spg",28670.913319613504,49.717,NA
"kb07:1+S+T+U+V+W+X+Z+(1|G)+((0+S)|G)+((0+T)|G)+((0+U)|G)+((0+V)|G)+((0+W)|G)+((0+X)|G)+((0+Z)|G)+(1|H)+((0+S)|H)+((0+T)|H)+((0+U)|H)+((0+V)|H)+((0+W)|H)+((0+X)|H)+((0+Z)|H)",1790,16,8,"56:56:56:56:56:56:56:56:32:32:32:32:32:32:32:32","optimx:bobyqa",28670.913319613646,35.091,NA
"Mississippi:1+A+(1|G)",37,1,3,"6","LN_BOBYQA",246.57361397156444,0.000528114,14
"Mississippi:1+A+(1|G)",37,1,3,"6","LN_COBYLA",246.57361397214436,0.000569248,28
"Mississippi:1+A+(1|G)",37,1,3,"6","LN_NELDERMEAD",246.57361398012452,0.000579179,33
"Mississippi:1+A+(1|G)",37,1,3,"6","LN_SBPLX",246.57361397156504,0.000539923,53
"Mississippi:1+A+(1|G)",37,1,3,"6","bobyqa",246.57361397156447,0.017,19
"Mississippi:1+A+(1|G)",37,1,3,"6","Nelder_Mead",246.61633723826176,0.019,12
"Mississippi:1+A+(1|G)",37,1,3,"6","NLOPT_LN_BOBYQA",246.5736139715688,0.019,10
"Mississippi:1+A+(1|G)",37,1,3,"6","NLOPT_LN_COBYLA",246.57363536837698,0.02,12
"Mississippi:1+A+(1|G)",37,1,3,"6","NLOPT_LN_NELDERMEAD",246.5736145842416,0.02,27
"Mississippi:1+A+(1|G)",37,1,3,"6","NLOPT_LN_SBPLX",246.57361398562094,0.02,40
"Mississippi:1+A+(1|G)",37,1,3,"6","optimx:L-BFGS-B",246.5736139715647,0.116,14
"Mississippi:1+A+(1|G)",37,1,3,"6","optimx:nlminb",246.57361397156455,0.115,15
"Mississippi:1+A+(1|G)",37,1,3,"6","optimx:spg",247.50832765793183,0.358,NA
"Mississippi:1+A+(1|G)",37,1,3,"6","optimx:bobyqa",246.57361397156447,0.103,NA
"Oxboys:1+U+((1+U)|G)",234,3,2,"52","LN_BOBYQA",725.9676890888937,0.006214745,189
"Oxboys:1+U+((1+U)|G)",234,3,2,"52","LN_COBYLA",725.9676896560721,0.01535659,498
"Oxboys:1+U+((1+U)|G)",234,3,2,"52","LN_NELDERMEAD",725.9676890728496,0.00408369,128
"Oxboys:1+U+((1+U)|G)",234,3,2,"52","LN_SBPLX",725.9676890729161,0.011839354,393
"Oxboys:1+U+((1+U)|G)",234,3,2,"52","bobyqa",725.9676890941284,0.047,351
"Oxboys:1+U+((1+U)|G)",234,3,2,"52","Nelder_Mead",725.9676890941867,0.066,223
"Oxboys:1+U+((1+U)|G)",234,3,2,"52","NLOPT_LN_BOBYQA",725.967689249038,0.03,147
"Oxboys:1+U+((1+U)|G)",234,3,2,"52","NLOPT_LN_COBYLA",725.967691676716,0.058,464
"Oxboys:1+U+((1+U)|G)",234,3,2,"52","NLOPT_LN_NELDERMEAD",725.9676899610549,0.027,99
"Oxboys:1+U+((1+U)|G)",234,3,2,"52","NLOPT_LN_SBPLX",725.9676897347149,0.033,171
"Oxboys:1+U+((1+U)|G)",234,3,2,"52","optimx:L-BFGS-B",725.9676890941446,0.118,32
"Oxboys:1+U+((1+U)|G)",234,3,2,"52","optimx:nlminb",725.9676890941325,0.116,104
"Oxboys:1+U+((1+U)|G)",234,3,2,"52","optimx:spg",725.9676890954661,0.216,NA
"Oxboys:1+U+((1+U)|G)",234,3,2,"52","optimx:bobyqa",725.9676890941284,0.138,NA
"PBIB:1+A+(1|G)",60,1,15,"15","LN_BOBYQA",22.57057795061165,0.000510897,18
"PBIB:1+A+(1|G)",60,1,15,"15","LN_COBYLA",22.57057795085381,0.000552341,27
"PBIB:1+A+(1|G)",60,1,15,"15","LN_NELDERMEAD",22.570577952027865,0.000572884,32
"PBIB:1+A+(1|G)",60,1,15,"15","LN_SBPLX",22.570577952027865,0.000721222,50
"PBIB:1+A+(1|G)",60,1,15,"15","bobyqa",22.570577950610833,0.016,14
"PBIB:1+A+(1|G)",60,1,15,"15","Nelder_Mead",22.570577950720665,0.021,36
"PBIB:1+A+(1|G)",60,1,15,"15","NLOPT_LN_BOBYQA",22.57057795061442,0.019,14
"PBIB:1+A+(1|G)",60,1,15,"15","NLOPT_LN_COBYLA",22.570577985950102,0.019,21
"PBIB:1+A+(1|G)",60,1,15,"15","NLOPT_LN_NELDERMEAD",22.570577985950102,0.019,26
"PBIB:1+A+(1|G)",60,1,15,"15","NLOPT_LN_SBPLX",22.570577985950102,0.02,41
"PBIB:1+A+(1|G)",60,1,15,"15","optimx:L-BFGS-B",22.570577950612876,0.104,16
"PBIB:1+A+(1|G)",60,1,15,"15","optimx:nlminb",22.57057795061086,0.104,15
"PBIB:1+A+(1|G)",60,1,15,"15","optimx:spg",22.57057795061174,0.187,NA
"PBIB:1+A+(1|G)",60,1,15,"15","optimx:bobyqa",22.570577950610833,0.104,NA
"Pastes:1+(1|G)+(1|H)",60,2,1,"30:10","LN_BOBYQA",247.99446586289463,0.000665742,35
"Pastes:1+(1|G)+(1|H)",60,2,1,"30:10","LN_COBYLA",247.99446586391946,0.000707019,42
"Pastes:1+(1|G)+(1|H)",60,2,1,"30:10","LN_NELDERMEAD",247.994465864037,0.000863453,67
"Pastes:1+(1|G)+(1|H)",60,2,1,"30:10","LN_SBPLX",247.99446586829214,0.001073868,91
"Pastes:1+(1|G)+(1|H)",60,2,1,"30:10","bobyqa",247.994465862425,0.023,79
"Pastes:1+(1|G)+(1|H)",60,2,1,"30:10","Nelder_Mead",247.99446586243576,0.031,119
"Pastes:1+(1|G)+(1|H)",60,2,1,"30:10","NLOPT_LN_BOBYQA",247.99446586410357,0.023,34
"Pastes:1+(1|G)+(1|H)",60,2,1,"30:10","NLOPT_LN_COBYLA",247.99446710082168,0.024,33
"Pastes:1+(1|G)+(1|H)",60,2,1,"30:10","NLOPT_LN_NELDERMEAD",247.9944659849911,0.025,53
"Pastes:1+(1|G)+(1|H)",60,2,1,"30:10","NLOPT_LN_SBPLX",247.99446599342318,0.026,77
"Pastes:1+(1|G)+(1|H)",60,2,1,"30:10","optimx:L-BFGS-B",247.9944658627943,0.111,20
"Pastes:1+(1|G)+(1|H)",60,2,1,"30:10","optimx:nlminb",247.99446586242692,0.109,41
"Pastes:1+(1|G)+(1|H)",60,2,1,"30:10","optimx:spg",247.994465862425,0.193,NA
"Pastes:1+(1|G)+(1|H)",60,2,1,"30:10","optimx:bobyqa",247.994465862425,0.111,NA
"Penicillin:1+(1|G)+(1|H)",144,2,1,"24:6","LN_BOBYQA",332.1883486724448,0.00084467,44
"Penicillin:1+(1|G)+(1|H)",144,2,1,"24:6","LN_COBYLA",332.18834867312023,0.001226669,86
"Penicillin:1+(1|G)+(1|H)",144,2,1,"24:6","LN_NELDERMEAD",332.1883486726351,0.00107246,74
"Penicillin:1+(1|G)+(1|H)",144,2,1,"24:6","LN_SBPLX",332.1883486689988,0.00143913,111
"Penicillin:1+(1|G)+(1|H)",144,2,1,"24:6","bobyqa",332.18834866850085,0.025,69
"Penicillin:1+(1|G)+(1|H)",144,2,1,"24:6","Nelder_Mead",332.1883486685381,0.031,97
"Penicillin:1+(1|G)+(1|H)",144,2,1,"24:6","NLOPT_LN_BOBYQA",332.188353156272,0.023,27
"Penicillin:1+(1|G)+(1|H)",144,2,1,"24:6","NLOPT_LN_COBYLA",332.1883491261452,0.025,41
"Penicillin:1+(1|G)+(1|H)",144,2,1,"24:6","NLOPT_LN_NELDERMEAD",332.18834959746704,0.025,54
"Penicillin:1+(1|G)+(1|H)",144,2,1,"24:6","NLOPT_LN_SBPLX",332.18834867532996,0.029,103
"Penicillin:1+(1|G)+(1|H)",144,2,1,"24:6","optimx:L-BFGS-B",332.18834866920525,0.112,18
"Penicillin:1+(1|G)+(1|H)",144,2,1,"24:6","optimx:nlminb",332.18834866850057,0.11,35
"Penicillin:1+(1|G)+(1|H)",144,2,1,"24:6","optimx:spg",332.1883486685015,0.199,NA
"Penicillin:1+(1|G)+(1|H)",144,2,1,"24:6","optimx:bobyqa",332.18834866850085,0.114,NA
"Poems:1+U+V+(1|G)+(1|H)+(1|H)",275996,2,3,"2315:326","LN_BOBYQA",178093.47094319106,1.184233969,46
"Poems:1+U+V+(1|G)+(1|H)+(1|H)",275996,2,3,"2315:326","LN_COBYLA",178093.4709436092,3.492303962,142
"Poems:1+U+V+(1|G)+(1|H)+(1|H)",275996,2,3,"2315:326","LN_NELDERMEAD",178093.47094332278,1.971080661,79
"Poems:1+U+V+(1|G)+(1|H)+(1|H)",275996,2,3,"2315:326","LN_SBPLX",178093.47094327744,2.974563615,120
"Poems:1+U+V+(1|G)+(1|H)+(1|H)",275996,2,3,"2315:326","bobyqa",178093.47094337957,36.895,110
"Poems:1+U+V+(1|G)+(1|H)+(1|H)",275996,2,3,"2315:326","Nelder_Mead",178093.47094337578,57.987,187
"Poems:1+U+V+(1|G)+(1|H)+(1|H)",275996,2,3,"2315:326","NLOPT_LN_BOBYQA",178093.47094356708,24.181,70
"Poems:1+U+V+(1|G)+(1|H)+(1|H)",275996,2,3,"2315:326","NLOPT_LN_COBYLA",178093.47151667945,27.504,81
"Poems:1+U+V+(1|G)+(1|H)+(1|H)",275996,2,3,"2315:326","NLOPT_LN_NELDERMEAD",178093.470943608,68.673,88
"Poems:1+U+V+(1|G)+(1|H)+(1|H)",275996,2,3,"2315:326","NLOPT_LN_SBPLX",178093.4709433804,63.733,201
"Poems:1+U+V+(1|G)+(1|H)+(1|H)",275996,2,3,"2315:326","optimx:L-BFGS-B",178093.47094364776,43.693,18
"Poems:1+U+V+(1|G)+(1|H)+(1|H)",275996,2,3,"2315:326","optimx:nlminb",178093.4709433837,57.947,107
"Poems:1+U+V+(1|G)+(1|H)+(1|H)",275996,2,3,"2315:326","optimx:spg",178093.47094340765,69.835,NA
"Poems:1+U+V+(1|G)+(1|H)+(1|H)",275996,2,3,"2315:326","optimx:bobyqa",178093.47094337957,59.178,NA
"SIMS:1+U+((1+U)|G)",3691,3,2,"380","LN_BOBYQA",22373.106635861892,0.026816062,139
"SIMS:1+U+((1+U)|G)",3691,3,2,"380","LN_COBYLA",22373.10663600167,3.881765348,21490
"SIMS:1+U+((1+U)|G)",3691,3,2,"380","LN_NELDERMEAD",22373.10663583289,0.028436985,149
"SIMS:1+U+((1+U)|G)",3691,3,2,"380","LN_SBPLX",22373.106635838347,0.09824992,516
"SIMS:1+U+((1+U)|G)",3691,3,2,"380","bobyqa",22373.106635830118,0.311,430
"SIMS:1+U+((1+U)|G)",3691,3,2,"380","Nelder_Mead",22373.106635836484,0.282,365
"SIMS:1+U+((1+U)|G)",3691,3,2,"380","NLOPT_LN_BOBYQA",22373.106639039357,0.119,132
"SIMS:1+U+((1+U)|G)",3691,3,2,"380","NLOPT_LN_COBYLA",22373.11092273678,0.068,58
"SIMS:1+U+((1+U)|G)",3691,3,2,"380","NLOPT_LN_NELDERMEAD",22373.106636426524,0.111,123
"SIMS:1+U+((1+U)|G)",3691,3,2,"380","NLOPT_LN_SBPLX",22373.1066410013,0.305,418
"SIMS:1+U+((1+U)|G)",3691,3,2,"380","optimx:L-BFGS-B",22373.106708584717,0.408,104
"SIMS:1+U+((1+U)|G)",3691,3,2,"380","optimx:nlminb",22373.106635827146,0.256,134
"SIMS:1+U+((1+U)|G)",3691,3,2,"380","optimx:spg",22373.106635904456,1.473,NA
"SIMS:1+U+((1+U)|G)",3691,3,2,"380","optimx:bobyqa",22373.106635830118,0.456,NA
"ScotsSec:1+A+U+V+(1|G)+(1|H)",3435,2,4,"148:19","LN_BOBYQA",14773.22149116048,0.00277135,43
"ScotsSec:1+A+U+V+(1|G)+(1|H)",3435,2,4,"148:19","LN_COBYLA",14773.221491161705,0.005314864,111
"ScotsSec:1+A+U+V+(1|G)+(1|H)",3435,2,4,"148:19","LN_NELDERMEAD",14773.261636264371,0.003581206,68
"ScotsSec:1+A+U+V+(1|G)+(1|H)",3435,2,4,"148:19","LN_SBPLX",14773.221491167733,0.005423813,115
"ScotsSec:1+A+U+V+(1|G)+(1|H)",3435,2,4,"148:19","bobyqa",14773.22149116049,0.066,41
"ScotsSec:1+A+U+V+(1|G)+(1|H)",3435,2,4,"148:19","Nelder_Mead",14773.221491172668,0.108,96
"ScotsSec:1+A+U+V+(1|G)+(1|H)",3435,2,4,"148:19","NLOPT_LN_BOBYQA",14773.221493410701,0.061,31
"ScotsSec:1+A+U+V+(1|G)+(1|H)",3435,2,4,"148:19","NLOPT_LN_COBYLA",14773.221492268083,0.092,74
"ScotsSec:1+A+U+V+(1|G)+(1|H)",3435,2,4,"148:19","NLOPT_LN_NELDERMEAD",14773.221491592802,0.086,66
"ScotsSec:1+A+U+V+(1|G)+(1|H)",3435,2,4,"148:19","NLOPT_LN_SBPLX",14773.221491168122,0.107,97
"ScotsSec:1+A+U+V+(1|G)+(1|H)",3435,2,4,"148:19","optimx:L-BFGS-B",14773.221491205308,0.196,22
"ScotsSec:1+A+U+V+(1|G)+(1|H)",3435,2,4,"148:19","optimx:nlminb",14773.221491162123,0.197,56
"ScotsSec:1+A+U+V+(1|G)+(1|H)",3435,2,4,"148:19","optimx:spg",14773.221491160486,0.28,NA
"ScotsSec:1+A+U+V+(1|G)+(1|H)",3435,2,4,"148:19","optimx:bobyqa",14773.22149116049,0.189,NA
"Semi2:1+A+(1|G)+(1|H)",72,2,2,"24:8","LN_BOBYQA",456.86394387174437,0.000882623,56
"Semi2:1+A+(1|G)+(1|H)",72,2,2,"24:8","LN_COBYLA",456.8639439980079,0.000720322,43
"Semi2:1+A+(1|G)+(1|H)",72,2,2,"24:8","LN_NELDERMEAD",456.8639438626759,0.001437613,143
"Semi2:1+A+(1|G)+(1|H)",72,2,2,"24:8","LN_SBPLX",456.8639438704972,0.001409287,140
"Semi2:1+A+(1|G)+(1|H)",72,2,2,"24:8","bobyqa",456.8639438729418,0.022,55
"Semi2:1+A+(1|G)+(1|H)",72,2,2,"24:8","Nelder_Mead",456.8639438730428,0.03,111
"Semi2:1+A+(1|G)+(1|H)",72,2,2,"24:8","NLOPT_LN_BOBYQA",456.8639438730593,0.024,30
"Semi2:1+A+(1|G)+(1|H)",72,2,2,"24:8","NLOPT_LN_COBYLA",456.86394387783855,0.024,47
"Semi2:1+A+(1|G)+(1|H)",72,2,2,"24:8","NLOPT_LN_NELDERMEAD",456.8639446542203,0.025,54
"Semi2:1+A+(1|G)+(1|H)",72,2,2,"24:8","NLOPT_LN_SBPLX",456.8639438822622,0.027,86
"Semi2:1+A+(1|G)+(1|H)",72,2,2,"24:8","optimx:L-BFGS-B",456.8639438763546,0.114,16
"Semi2:1+A+(1|G)+(1|H)",72,2,2,"24:8","optimx:nlminb",456.86394387294513,0.114,39
"Semi2:1+A+(1|G)+(1|H)",72,2,2,"24:8","optimx:spg",456.86394387294234,0.202,NA
"Semi2:1+A+(1|G)+(1|H)",72,2,2,"24:8","optimx:bobyqa",456.8639438729418,0.116,NA
"Semiconductor:1+A*B+(1|G)",48,1,16,"12","LN_BOBYQA",30.146722436337047,0.000525828,13
"Semiconductor:1+A*B+(1|G)",48,1,16,"12","LN_COBYLA",30.14672243665721,0.000595953,25
"Semiconductor:1+A*B+(1|G)",48,1,16,"12","LN_NELDERMEAD",30.146722439595557,0.000633093,32
"Semiconductor:1+A*B+(1|G)",48,1,16,"12","LN_SBPLX",30.146722439595557,0.000759281,50
"Semiconductor:1+A*B+(1|G)",48,1,16,"12","bobyqa",30.146722436349368,0.016,17
"Semiconductor:1+A*B+(1|G)",48,1,16,"12","Nelder_Mead",30.146722436494233,0.021,37
"Semiconductor:1+A*B+(1|G)",48,1,16,"12","NLOPT_LN_BOBYQA",30.14672243634939,0.019,18
"Semiconductor:1+A*B+(1|G)",48,1,16,"12","NLOPT_LN_COBYLA",30.14672243676685,0.02,24
"Semiconductor:1+A*B+(1|G)",48,1,16,"12","NLOPT_LN_NELDERMEAD",30.14672492370967,0.02,24
"Semiconductor:1+A*B+(1|G)",48,1,16,"12","NLOPT_LN_SBPLX",30.14672492370967,0.02,30
"Semiconductor:1+A*B+(1|G)",48,1,16,"12","optimx:L-BFGS-B",30.146722436351702,0.107,16
"Semiconductor:1+A*B+(1|G)",48,1,16,"12","optimx:nlminb",30.14672243635269,0.108,16
"Semiconductor:1+A*B+(1|G)",48,1,16,"12","optimx:spg",30.14672243634941,0.195,NA
"Semiconductor:1+A*B+(1|G)",48,1,16,"12","optimx:bobyqa",30.146722436349368,0.108,NA
"TeachingII:1+A+T+U+V+W+X+Z+(1|G)",96,1,12,"12","LN_BOBYQA",567.1627611890556,0.000620356,16
"TeachingII:1+A+T+U+V+W+X+Z+(1|G)",96,1,12,"12","LN_COBYLA",567.1627611898965,0.000616641,24
"TeachingII:1+A+T+U+V+W+X+Z+(1|G)",96,1,12,"12","LN_NELDERMEAD",567.1627611982872,0.000629247,30
"TeachingII:1+A+T+U+V+W+X+Z+(1|G)",96,1,12,"12","LN_SBPLX",567.1627611891001,0.000794662,50
"TeachingII:1+A+T+U+V+W+X+Z+(1|G)",96,1,12,"12","bobyqa",567.1627611890523,0.018,15
"TeachingII:1+A+T+U+V+W+X+Z+(1|G)",96,1,12,"12","Nelder_Mead",567.1627611892152,0.021,36
"TeachingII:1+A+T+U+V+W+X+Z+(1|G)",96,1,12,"12","NLOPT_LN_BOBYQA",567.1627611890586,0.021,19
"TeachingII:1+A+T+U+V+W+X+Z+(1|G)",96,1,12,"12","NLOPT_LN_COBYLA",567.1627611895233,0.02,21
"TeachingII:1+A+T+U+V+W+X+Z+(1|G)",96,1,12,"12","NLOPT_LN_NELDERMEAD",567.1627611895233,0.021,26
"TeachingII:1+A+T+U+V+W+X+Z+(1|G)",96,1,12,"12","NLOPT_LN_SBPLX",567.1627611895233,0.021,41
"TeachingII:1+A+T+U+V+W+X+Z+(1|G)",96,1,12,"12","optimx:L-BFGS-B",567.1627611890565,0.109,14
"TeachingII:1+A+T+U+V+W+X+Z+(1|G)",96,1,12,"12","optimx:nlminb",567.1627611890523,0.109,17
"TeachingII:1+A+T+U+V+W+X+Z+(1|G)",96,1,12,"12","optimx:spg",567.1627611890523,0.195,NA
"TeachingII:1+A+T+U+V+W+X+Z+(1|G)",96,1,12,"12","optimx:bobyqa",567.1627611890523,0.11,NA
"WWheat:1+U+((1+U)|G)",60,3,2,"20","LN_BOBYQA",182.05557650065464,0.002478133,133
"WWheat:1+U+((1+U)|G)",60,3,2,"20","LN_COBYLA",182.05558866616482,1.388665267,99358
"WWheat:1+U+((1+U)|G)",60,3,2,"20","LN_NELDERMEAD",182.05557639265234,0.003326517,213
"WWheat:1+U+((1+U)|G)",60,3,2,"20","LN_SBPLX",182.05557639311547,0.005508409,381
"WWheat:1+U+((1+U)|G)",60,3,2,"20","bobyqa",182.0555763881581,0.074,1106
"WWheat:1+U+((1+U)|G)",60,3,2,"20","Nelder_Mead",182.05557638814474,0.036,232
"WWheat:1+U+((1+U)|G)",60,3,2,"20","NLOPT_LN_BOBYQA",182.05557849988423,0.024,121
"WWheat:1+U+((1+U)|G)",60,3,2,"20","NLOPT_LN_COBYLA",182.24873092585642,1.361,26230
"WWheat:1+U+((1+U)|G)",60,3,2,"20","NLOPT_LN_NELDERMEAD",182.05557692972775,0.027,188
"WWheat:1+U+((1+U)|G)",60,3,2,"20","NLOPT_LN_SBPLX",182.05557647289555,0.035,334
"WWheat:1+U+((1+U)|G)",60,3,2,"20","optimx:L-BFGS-B",182.05557651549253,0.12,60
"WWheat:1+U+((1+U)|G)",60,3,2,"20","optimx:nlminb",182.0555763881482,0.114,123
"WWheat:1+U+((1+U)|G)",60,3,2,"20","optimx:spg",182.05557746600425,0.891,NA
"WWheat:1+U+((1+U)|G)",60,3,2,"20","optimx:bobyqa",182.0555763881581,0.18,NA
"Weights:1+A*U+((1+U)|G)",399,3,6,"114","LN_BOBYQA",1313.3536155191632,0.01002137,116
"Weights:1+A*U+((1+U)|G)",399,3,6,"114","LN_COBYLA",1313.3536205191904,0.261181776,3207
"Weights:1+A*U+((1+U)|G)",399,3,6,"114","LN_NELDERMEAD",1313.3536154643891,0.013491844,162
"Weights:1+A*U+((1+U)|G)",399,3,6,"114","LN_SBPLX",1313.3536154723831,0.027609378,334
"Weights:1+A*U+((1+U)|G)",399,3,6,"114","bobyqa",1313.3536154631909,0.054,249
"Weights:1+A*U+((1+U)|G)",399,3,6,"114","Nelder_Mead",1313.3536154633143,0.072,292
"Weights:1+A*U+((1+U)|G)",399,3,6,"114","NLOPT_LN_BOBYQA",1313.353629805636,0.034,99
"Weights:1+A*U+((1+U)|G)",399,3,6,"114","NLOPT_LN_COBYLA",1313.3554172436836,0.255,1591
"Weights:1+A*U+((1+U)|G)",399,3,6,"114","NLOPT_LN_NELDERMEAD",1313.3536155856693,0.039,136
"Weights:1+A*U+((1+U)|G)",399,3,6,"114","NLOPT_LN_SBPLX",1313.3536156927298,0.05,206
"Weights:1+A*U+((1+U)|G)",399,3,6,"114","optimx:L-BFGS-B",1313.3536154738927,0.142,46
"Weights:1+A*U+((1+U)|G)",399,3,6,"114","optimx:nlminb",1313.353615463208,0.139,138
"Weights:1+A*U+((1+U)|G)",399,3,6,"114","optimx:spg",1313.3536154666963,0.328,NA
"Weights:1+A*U+((1+U)|G)",399,3,6,"114","optimx:bobyqa",1313.3536154631909,0.156,NA
"cake:1+A+B+(1|G)",270,1,8,"45","LN_BOBYQA",1689.5822483176835,0.000640367,22
"cake:1+A+B+(1|G)",270,1,8,"45","LN_COBYLA",1689.5822483194336,0.000677067,28
"cake:1+A+B+(1|G)",270,1,8,"45","LN_NELDERMEAD",1689.5822483194336,0.000719178,34
"cake:1+A+B+(1|G)",270,1,8,"45","LN_SBPLX",1689.5822483177508,0.000934254,57
"cake:1+A+B+(1|G)",270,1,8,"45","bobyqa",1689.5822483176598,0.018,17
"cake:1+A+B+(1|G)",270,1,8,"45","Nelder_Mead",1689.5822483179509,0.022,29
"cake:1+A+B+(1|G)",270,1,8,"45","NLOPT_LN_BOBYQA",1689.5822483176598,0.021,12
"cake:1+A+B+(1|G)",270,1,8,"45","NLOPT_LN_COBYLA",1689.582248772843,0.021,21
"cake:1+A+B+(1|G)",270,1,8,"45","NLOPT_LN_NELDERMEAD",1689.5822483291947,0.022,28
"cake:1+A+B+(1|G)",270,1,8,"45","NLOPT_LN_SBPLX",1689.5822483291947,0.023,39
"cake:1+A+B+(1|G)",270,1,8,"45","optimx:L-BFGS-B",1689.5822483176694,0.111,12
"cake:1+A+B+(1|G)",270,1,8,"45","optimx:nlminb",1689.58224831766,0.111,15
"cake:1+A+B+(1|G)",270,1,8,"45","optimx:spg",1689.5822483176598,0.199,NA
"cake:1+A+B+(1|G)",270,1,8,"45","optimx:bobyqa",1689.5822483176598,0.111,NA
"egsingle:1+A+U*V+(1|G)+(1|H)",7230,2,5,"1721:60","LN_BOBYQA",16732.496543366644,0.012133464,37
"egsingle:1+A+U*V+(1|G)+(1|H)",7230,2,5,"1721:60","LN_COBYLA",16732.496543368652,0.024712374,82
"egsingle:1+A+U*V+(1|G)+(1|H)",7230,2,5,"1721:60","LN_NELDERMEAD",16732.496543369452,0.024782729,82
"egsingle:1+A+U*V+(1|G)+(1|H)",7230,2,5,"1721:60","LN_SBPLX",16732.49654336716,0.035573847,120
"egsingle:1+A+U*V+(1|G)+(1|H)",7230,2,5,"1721:60","bobyqa",16732.496543366684,0.151,45
"egsingle:1+A+U*V+(1|G)+(1|H)",7230,2,5,"1721:60","Nelder_Mead",16732.49654337178,0.218,82
"egsingle:1+A+U*V+(1|G)+(1|H)",7230,2,5,"1721:60","NLOPT_LN_BOBYQA",16732.49654336684,0.134,35
"egsingle:1+A+U*V+(1|G)+(1|H)",7230,2,5,"1721:60","NLOPT_LN_COBYLA",16732.496574762397,0.314,133
"egsingle:1+A+U*V+(1|G)+(1|H)",7230,2,5,"1721:60","NLOPT_LN_NELDERMEAD",16732.4965441124,0.179,60
"egsingle:1+A+U*V+(1|G)+(1|H)",7230,2,5,"1721:60","NLOPT_LN_SBPLX",16732.496543686375,0.22,82
"egsingle:1+A+U*V+(1|G)+(1|H)",7230,2,5,"1721:60","optimx:L-BFGS-B",16732.496543371984,0.319,18
"egsingle:1+A+U*V+(1|G)+(1|H)",7230,2,5,"1721:60","optimx:nlminb",16732.496543366895,0.315,41
"egsingle:1+A+U*V+(1|G)+(1|H)",7230,2,5,"1721:60","optimx:spg",16732.49654336674,0.431,NA
"egsingle:1+A+U*V+(1|G)+(1|H)",7230,2,5,"1721:60","optimx:bobyqa",16732.496543366684,0.323,NA
"ergoStool:1+A+(1|G)",36,1,4,"9","LN_BOBYQA",122.14443740810734,0.000437319,16
"ergoStool:1+A+(1|G)",36,1,4,"9","LN_COBYLA",122.14443740844172,0.000426819,25
"ergoStool:1+A+(1|G)",36,1,4,"9","LN_NELDERMEAD",122.14443741205326,0.000427946,30
"ergoStool:1+A+(1|G)",36,1,4,"9","LN_SBPLX",122.14443740811924,0.000502118,50
"ergoStool:1+A+(1|G)",36,1,4,"9","bobyqa",122.14443740810633,0.016,19
"ergoStool:1+A+(1|G)",36,1,4,"9","Nelder_Mead",122.14443740811159,0.019,40
"ergoStool:1+A+(1|G)",36,1,4,"9","NLOPT_LN_BOBYQA",122.14443740819306,0.018,11
"ergoStool:1+A+(1|G)",36,1,4,"9","NLOPT_LN_COBYLA",122.14443743419318,0.019,19
"ergoStool:1+A+(1|G)",36,1,4,"9","NLOPT_LN_NELDERMEAD",122.14443773951852,0.018,22
"ergoStool:1+A+(1|G)",36,1,4,"9","NLOPT_LN_SBPLX",122.14443773951852,0.019,30
"ergoStool:1+A+(1|G)",36,1,4,"9","optimx:L-BFGS-B",122.14443740810745,0.107,18
"ergoStool:1+A+(1|G)",36,1,4,"9","optimx:nlminb",122.14443740810637,0.107,19
"ergoStool:1+A+(1|G)",36,1,4,"9","optimx:spg",122.14443740810637,0.195,NA
"ergoStool:1+A+(1|G)",36,1,4,"9","optimx:bobyqa",122.14443740810633,0.108,NA
"ml10m:1+(1|G)+(1|H)",10000054,2,1,"69878:10677","LN_BOBYQA",2.5589475545396283e7,424.364253843,42
"ml10m:1+(1|G)+(1|H)",10000054,2,1,"69878:10677","NLOPT_LN_BOBYQA",2.5589475545396503e7,7141.955,39
"ml1m:1+(1|G)+(1|H)",1000209,2,1,"6040:3706","LN_BOBYQA",2.663972011622002e6,17.386866034,29
"ml1m:1+(1|G)+(1|H)",1000209,2,1,"6040:3706","LN_COBYLA",2.6639720116171436e6,29.035241144,50
"ml1m:1+(1|G)+(1|H)",1000209,2,1,"6040:3706","LN_NELDERMEAD",2.663972011619001e6,45.64428609,80
"ml1m:1+(1|G)+(1|H)",1000209,2,1,"6040:3706","LN_SBPLX",2.663972011617273e6,72.363241759,125
"ml1m:1+(1|G)+(1|H)",1000209,2,1,"6040:3706","bobyqa",2.663972011617021e6,386.048,44
"ml1m:1+(1|G)+(1|H)",1000209,2,1,"6040:3706","Nelder_Mead",2.6639720116172917e6,631.982,78
"ml1m:1+(1|G)+(1|H)",1000209,2,1,"6040:3706","NLOPT_LN_BOBYQA",2.663972011617117e6,386.334,44
"ml1m:1+(1|G)+(1|H)",1000209,2,1,"6040:3706","NLOPT_LN_COBYLA",2.663972011685738e6,372.816,42
"ml1m:1+(1|G)+(1|H)",1000209,2,1,"6040:3706","NLOPT_LN_NELDERMEAD",2.663972011623015e6,505.781,59
"ml1m:1+(1|G)+(1|H)",1000209,2,1,"6040:3706","NLOPT_LN_SBPLX",2.6639720116178608e6,980.48,120
"ml1m:1+(1|G)+(1|H)",1000209,2,1,"6040:3706","optimx:L-BFGS-B",2.6639720116230953e6,720.939,18
"ml1m:1+(1|G)+(1|H)",1000209,2,1,"6040:3706","optimx:nlminb",2.6639720116172787e6,810.397,55
"ml1m:1+(1|G)+(1|H)",1000209,2,1,"6040:3706","optimx:spg",2.6639720116170924e6,2029.253,NA
"ml1m:1+(1|G)+(1|H)",1000209,2,1,"6040:3706","optimx:bobyqa",2.663972011617021e6,727.713,NA
"mm0:1+A*U+((1+U)|G)+((1+U)|H)",69588,6,4,"120:74","LN_BOBYQA",395168.8365316931,0.452532784,395
"mm0:1+A*U+((1+U)|G)+((1+U)|H)",69588,6,4,"120:74","LN_COBYLA",395168.83651372266,1.723396571,1753
"mm0:1+A*U+((1+U)|G)+((1+U)|H)",69588,6,4,"120:74","LN_NELDERMEAD",395168.8365140383,1.217919625,1214
"mm0:1+A*U+((1+U)|G)+((1+U)|H)",69588,6,4,"120:74","LN_SBPLX",395168.83651386097,0.535582605,486
"mm0:1+A*U+((1+U)|G)+((1+U)|H)",69588,6,4,"120:74","bobyqa",395168.8365137066,9.507,342
"mm0:1+A*U+((1+U)|G)+((1+U)|H)",69588,6,4,"120:74","Nelder_Mead",395350.46857706597,36.79,1368
"mm0:1+A*U+((1+U)|G)+((1+U)|H)",69588,6,4,"120:74","NLOPT_LN_BOBYQA",395168.83658840094,10.046,364
"mm0:1+A*U+((1+U)|G)+((1+U)|H)",69588,6,4,"120:74","NLOPT_LN_COBYLA",395168.8446396335,55.109,2162
"mm0:1+A*U+((1+U)|G)+((1+U)|H)",69588,6,4,"120:74","NLOPT_LN_NELDERMEAD",395168.83651440236,31.606,1202
"mm0:1+A*U+((1+U)|G)+((1+U)|H)",69588,6,4,"120:74","NLOPT_LN_SBPLX",395168.83651386143,13.368,486
"mm0:1+A*U+((1+U)|G)+((1+U)|H)",69588,6,4,"120:74","optimx:L-BFGS-B",395168.83667507686,23.704,100
"mm0:1+A*U+((1+U)|G)+((1+U)|H)",69588,6,4,"120:74","optimx:nlminb",395168.8365138066,24.556,694
"mm0:1+A*U+((1+U)|G)+((1+U)|H)",69588,6,4,"120:74","optimx:spg",395168.8365137441,16.036,NA
"mm0:1+A*U+((1+U)|G)+((1+U)|H)",69588,6,4,"120:74","optimx:bobyqa",395168.8365137066,15.741,NA
"paulsim:1+S+T+U+(1|G)+(0+S|G)",15419,2,4,"100:100","LN_BOBYQA",143232.63408130666,0.007266235,108
"paulsim:1+S+T+U+(1|G)+(0+S|G)",15419,2,4,"100:100","LN_COBYLA",143232.64252630732,2.352438838,67524
"paulsim:1+S+T+U+(1|G)+(0+S|G)",15419,2,4,"100:100","LN_NELDERMEAD",143803.98229160527,0.004342992,56
"paulsim:1+S+T+U+(1|G)+(0+S|G)",15419,2,4,"100:100","LN_SBPLX",143232.63408135416,0.007754251,147
"paulsim:1+S+T+U+(1|G)+(0+S|G)",15419,2,4,"100:100","bobyqa",143232.63408131758,1.412,481
"paulsim:1+S+T+U+(1|G)+(0+S|G)",15419,2,4,"100:100","Nelder_Mead",143564.1597162567,0.287,70
"paulsim:1+S+T+U+(1|G)+(0+S|G)",15419,2,4,"100:100","NLOPT_LN_BOBYQA",143232.63846120684,0.287,68
"paulsim:1+S+T+U+(1|G)+(0+S|G)",15419,2,4,"100:100","NLOPT_LN_COBYLA",143277.7169537259,0.258,57
"paulsim:1+S+T+U+(1|G)+(0+S|G)",15419,2,4,"100:100","NLOPT_LN_NELDERMEAD",143803.9822917161,0.368,40
"paulsim:1+S+T+U+(1|G)+(0+S|G)",15419,2,4,"100:100","NLOPT_LN_SBPLX",143232.63408131397,0.509,147
"paulsim:1+S+T+U+(1|G)+(0+S|G)",15419,2,4,"100:100","optimx:L-BFGS-B",143232.6582160064,0.775,62
"paulsim:1+S+T+U+(1|G)+(0+S|G)",15419,2,4,"100:100","optimx:nlminb",143232.6340813262,0.633,100
"paulsim:1+S+T+U+(1|G)+(0+S|G)",15419,2,4,"100:100","optimx:spg",143232.634081403,9.639,NA
"paulsim:1+S+T+U+(1|G)+(0+S|G)",15419,2,4,"100:100","optimx:bobyqa",143232.63408131758,1.669,NA
"paulsim:1+S+T+U+(0+S|G)",15419,1,4,"100","LN_BOBYQA",143232.63408130567,0.002586719,43
"paulsim:1+S+T+U+(0+S|G)",15419,1,4,"100","LN_COBYLA",143232.6340813498,0.002440882,37
"paulsim:1+S+T+U+(0+S|G)",15419,1,4,"100","LN_NELDERMEAD",143232.6340814206,0.002601181,52
"paulsim:1+S+T+U+(0+S|G)",15419,1,4,"100","LN_SBPLX",143232.6340814206,0.00298456,81
"paulsim:1+S+T+U+(0+S|G)",15419,1,4,"100","bobyqa",143232.63408130564,0.132,41
"paulsim:1+S+T+U+(0+S|G)",15419,1,4,"100","Nelder_Mead",143232.634110673,0.145,49
"paulsim:1+S+T+U+(0+S|G)",15419,1,4,"100","NLOPT_LN_BOBYQA",143232.63431098702,0.127,36
"paulsim:1+S+T+U+(0+S|G)",15419,1,4,"100","NLOPT_LN_COBYLA",143232.65032196985,0.103,21
"paulsim:1+S+T+U+(0+S|G)",15419,1,4,"100","NLOPT_LN_NELDERMEAD",143232.63408203697,0.146,48
"paulsim:1+S+T+U+(0+S|G)",15419,1,4,"100","NLOPT_LN_SBPLX",143232.63408203697,0.187,74
"paulsim:1+S+T+U+(0+S|G)",15419,1,4,"100","optimx:L-BFGS-B",143232.63676940184,0.401,70
"paulsim:1+S+T+U+(0+S|G)",15419,1,4,"100","optimx:nlminb",143232.63408130564,0.282,29
"paulsim:1+S+T+U+(0+S|G)",15419,1,4,"100","optimx:spg",143232.63408130847,0.439,NA
"paulsim:1+S+T+U+(0+S|G)",15419,1,4,"100","optimx:bobyqa",143232.63408130564,0.303,NA
"sleepstudy:1+U+((1+U)|G)",180,3,2,"36","LN_BOBYQA",1751.9393444646878,0.001820753,57
"sleepstudy:1+U+((1+U)|G)",180,3,2,"36","LN_COBYLA",1751.9393444675923,0.007466503,321
"sleepstudy:1+U+((1+U)|G)",180,3,2,"36","LN_NELDERMEAD",1751.9393444750297,0.003395851,140
"sleepstudy:1+U+((1+U)|G)",180,3,2,"36","LN_SBPLX",1751.9393444755979,0.004776408,202
"sleepstudy:1+U+((1+U)|G)",180,3,2,"36","bobyqa",1751.9393444632015,0.023,64
"sleepstudy:1+U+((1+U)|G)",180,3,2,"36","Nelder_Mead",1751.93934446358,0.052,283
"sleepstudy:1+U+((1+U)|G)",180,3,2,"36","NLOPT_LN_BOBYQA",1751.9393444889913,0.024,50
"sleepstudy:1+U+((1+U)|G)",180,3,2,"36","NLOPT_LN_COBYLA",1751.9393834974635,0.033,168
"sleepstudy:1+U+((1+U)|G)",180,3,2,"36","NLOPT_LN_NELDERMEAD",1751.9393447460698,0.03,119
"sleepstudy:1+U+((1+U)|G)",180,3,2,"36","NLOPT_LN_SBPLX",1751.9393446343402,0.035,182
"sleepstudy:1+U+((1+U)|G)",180,3,2,"36","optimx:L-BFGS-B",1751.9393447722189,0.17,38
"sleepstudy:1+U+((1+U)|G)",180,3,2,"36","optimx:nlminb",1751.9393444632226,0.17,120
"sleepstudy:1+U+((1+U)|G)",180,3,2,"36","optimx:spg",1751.9393444632158,0.311,NA
"sleepstudy:1+U+((1+U)|G)",180,3,2,"36","optimx:bobyqa",1751.9393444632015,0.166,NA
"sleepstudy:1+U+(1|G)+(0+U|G)",180,2,2,"18:18","LN_BOBYQA",1752.0032551415964,0.000794842,30
"sleepstudy:1+U+(1|G)+(0+U|G)",180,2,2,"18:18","LN_COBYLA",1752.0032551415175,0.001977787,162
"sleepstudy:1+U+(1|G)+(0+U|G)",180,2,2,"18:18","LN_NELDERMEAD",1752.0032551435288,0.00118931,75
"sleepstudy:1+U+(1|G)+(0+U|G)",180,2,2,"18:18","LN_SBPLX",1752.0032551414135,0.001663701,126
"sleepstudy:1+U+(1|G)+(0+U|G)",180,2,2,"18:18","bobyqa",1752.0032551398829,0.027,67
"sleepstudy:1+U+(1|G)+(0+U|G)",180,2,2,"18:18","Nelder_Mead",1752.0032551404024,0.036,106
"sleepstudy:1+U+(1|G)+(0+U|G)",180,2,2,"18:18","NLOPT_LN_BOBYQA",1752.0032552746247,0.027,26
"sleepstudy:1+U+(1|G)+(0+U|G)",180,2,2,"18:18","NLOPT_LN_COBYLA",1752.0032588087756,0.032,96
"sleepstudy:1+U+(1|G)+(0+U|G)",180,2,2,"18:18","NLOPT_LN_NELDERMEAD",1752.0032554489214,0.03,62
"sleepstudy:1+U+(1|G)+(0+U|G)",180,2,2,"18:18","NLOPT_LN_SBPLX",1752.003255161108,0.033,110
"sleepstudy:1+U+(1|G)+(0+U|G)",180,2,2,"18:18","optimx:L-BFGS-B",1752.0032551422912,0.167,34
"sleepstudy:1+U+(1|G)+(0+U|G)",180,2,2,"18:18","optimx:nlminb",1752.00325513989,0.166,55
"sleepstudy:1+U+(1|G)+(0+U|G)",180,2,2,"18:18","optimx:spg",1752.0032551398833,0.301,NA
"sleepstudy:1+U+(1|G)+(0+U|G)",180,2,2,"18:18","optimx:bobyqa",1752.0032551398829,0.169,NA
